Nb_of_games_learned ; Nb_of_games_test ; Agent_game_won ; Random_game_won ; Recognized_states ; Total_states
50 ; 10 ; 6 ; 1 ; 67 ; 240
50 ; 10 ; 5 ; 5 ; 59 ; 240
50 ; 10 ; 7 ; 5 ; 77 ; 240
50 ; 100 ; 61 ; 37 ; 628 ; 2400
50 ; 100 ; 61 ; 27 ; 635 ; 2400
50 ; 100 ; 67 ; 33 ; 672 ; 2400
50 ; 100 ; 68 ; 32 ; 657 ; 2400
50 ; 100 ; 66 ; 35 ; 653 ; 2400
50 ; 100 ; 61 ; 31 ; 669 ; 2400
50 ; 100 ; 79 ; 30 ; 690 ; 2400
50 ; 100 ; 64 ; 26 ; 633 ; 2400
50 ; 100 ; 59 ; 28 ; 642 ; 2400
50 ; 100 ; 70 ; 35 ; 648 ; 2400
50 ; 100 ; 75 ; 38 ; 670 ; 2400
50 ; 100 ; 61 ; 31 ; 676 ; 2400
50 ; 100 ; 78 ; 32 ; 727 ; 2400
50 ; 100 ; 67 ; 27 ; 651 ; 2400
50 ; 100 ; 68 ; 29 ; 666 ; 2400
50 ; 100 ; 67 ; 38 ; 649 ; 2400
50 ; 100 ; 66 ; 33 ; 721 ; 2400
50 ; 100 ; 70 ; 26 ; 653 ; 2400
50 ; 100 ; 65 ; 34 ; 655 ; 2400
50 ; 100 ; 68 ; 38 ; 644 ; 2400
50 ; 100 ; 66 ; 32 ; 649 ; 2400
50 ; 100 ; 69 ; 30 ; 665 ; 2400
50 ; 100 ; 68 ; 24 ; 666 ; 2400
50 ; 100 ; 67 ; 27 ; 658 ; 2400
50 ; 100 ; 60 ; 33 ; 634 ; 2400
50 ; 100 ; 74 ; 21 ; 688 ; 2400
50 ; 100 ; 73 ; 23 ; 661 ; 2400
50 ; 100 ; 59 ; 32 ; 604 ; 2400
50 ; 100 ; 68 ; 26 ; 646 ; 2400
50 ; 100 ; 75 ; 26 ; 687 ; 2400
50 ; 100 ; 59 ; 25 ; 668 ; 2400
50 ; 100 ; 69 ; 34 ; 665 ; 2400
50 ; 100 ; 62 ; 33 ; 642 ; 2400
50 ; 100 ; 58 ; 30 ; 624 ; 2400
50 ; 100 ; 68 ; 28 ; 667 ; 2400
50 ; 100 ; 65 ; 28 ; 670 ; 2400
50 ; 100 ; 68 ; 39 ; 635 ; 2400
50 ; 100 ; 65 ; 29 ; 631 ; 2400
50 ; 100 ; 67 ; 35 ; 638 ; 2400
50 ; 100 ; 67 ; 33 ; 708 ; 2400
50 ; 100 ; 67 ; 27 ; 703 ; 2400
50 ; 100 ; 74 ; 32 ; 680 ; 2400
50 ; 100 ; 61 ; 26 ; 649 ; 2400
50 ; 100 ; 68 ; 28 ; 677 ; 2400
50 ; 100 ; 58 ; 33 ; 622 ; 2400
50 ; 100 ; 68 ; 29 ; 657 ; 2400
50 ; 100 ; 66 ; 24 ; 666 ; 2400
50 ; 100 ; 67 ; 27 ; 665 ; 2400
50 ; 100 ; 63 ; 27 ; 677 ; 2400
50 ; 100 ; 72 ; 36 ; 695 ; 2400
50 ; 100 ; 64 ; 29 ; 635 ; 2400
50 ; 100 ; 68 ; 37 ; 651 ; 2400
50 ; 100 ; 66 ; 29 ; 612 ; 2400
50 ; 100 ; 76 ; 31 ; 676 ; 2400
50 ; 100 ; 64 ; 37 ; 660 ; 2400
500 ; 100 ; 60 ; 29 ; 533 ; 2400
500 ; 100 ; 68 ; 34 ; 622 ; 2400
500 ; 100 ; 61 ; 28 ; 584 ; 2400
500 ; 100 ; 62 ; 28 ; 631 ; 2400
500 ; 100 ; 58 ; 23 ; 579 ; 2400
500 ; 100 ; 64 ; 34 ; 610 ; 2400
500 ; 100 ; 65 ; 24 ; 584 ; 2400
500 ; 100 ; 62 ; 30 ; 600 ; 2400
500 ; 100 ; 64 ; 25 ; 624 ; 2400
500 ; 100 ; 59 ; 30 ; 576 ; 2400
700 ; 100 ; 61 ; 30 ; 609 ; 2400
700 ; 100 ; 64 ; 25 ; 657 ; 2400
700 ; 100 ; 69 ; 30 ; 624 ; 2400
700 ; 100 ; 61 ; 29 ; 627 ; 2400
700 ; 100 ; 68 ; 28 ; 706 ; 2400
700 ; 100 ; 63 ; 36 ; 622 ; 2400
700 ; 100 ; 68 ; 33 ; 652 ; 2400
700 ; 100 ; 68 ; 23 ; 676 ; 2400
700 ; 100 ; 69 ; 33 ; 678 ; 2400
700 ; 100 ; 66 ; 33 ; 636 ; 2400
300 ; 100 ; 59 ; 29 ; 544 ; 2400
300 ; 100 ; 62 ; 25 ; 538 ; 2400
300 ; 100 ; 58 ; 27 ; 514 ; 2400
300 ; 100 ; 59 ; 30 ; 533 ; 2400
300 ; 100 ; 64 ; 31 ; 519 ; 2400
300 ; 100 ; 56 ; 30 ; 525 ; 2400
300 ; 100 ; 54 ; 27 ; 533 ; 2400
300 ; 100 ; 58 ; 27 ; 545 ; 2400
300 ; 100 ; 58 ; 30 ; 544 ; 2400
300 ; 100 ; 66 ; 30 ; 565 ; 2400
200 ; 100 ; 64 ; 31 ; 525 ; 2400
200 ; 100 ; 52 ; 39 ; 501 ; 2400
200 ; 100 ; 61 ; 31 ; 499 ; 2400
200 ; 100 ; 62 ; 35 ; 504 ; 2400
200 ; 100 ; 61 ; 27 ; 532 ; 2400
200 ; 100 ; 59 ; 33 ; 533 ; 2400
200 ; 100 ; 60 ; 35 ; 559 ; 2400
200 ; 100 ; 60 ; 24 ; 498 ; 2400
200 ; 100 ; 53 ; 22 ; 496 ; 2400
200 ; 100 ; 62 ; 29 ; 482 ; 2400
400 ; 100 ; 65 ; 27 ; 564 ; 2400
400 ; 100 ; 72 ; 34 ; 588 ; 2400
400 ; 100 ; 60 ; 24 ; 591 ; 2400
400 ; 100 ; 56 ; 24 ; 545 ; 2400
400 ; 100 ; 59 ; 35 ; 582 ; 2400
400 ; 100 ; 68 ; 28 ; 595 ; 2400
400 ; 100 ; 51 ; 27 ; 503 ; 2400
400 ; 100 ; 64 ; 35 ; 597 ; 2400
400 ; 100 ; 60 ; 34 ; 578 ; 2400
400 ; 100 ; 58 ; 29 ; 548 ; 2400
100 ; 100 ; 52 ; 34 ; 448 ; 2400
100 ; 100 ; 59 ; 31 ; 449 ; 2400
100 ; 100 ; 59 ; 29 ; 442 ; 2400
100 ; 100 ; 51 ; 23 ; 388 ; 2400
100 ; 100 ; 59 ; 29 ; 467 ; 2400
100 ; 100 ; 49 ; 25 ; 410 ; 2400
100 ; 100 ; 55 ; 28 ; 438 ; 2400
100 ; 100 ; 60 ; 25 ; 457 ; 2400
100 ; 100 ; 52 ; 29 ; 422 ; 2400
100 ; 100 ; 56 ; 32 ; 431 ; 2400
600 ; 100 ; 59 ; 35 ; 612 ; 2400
600 ; 100 ; 60 ; 29 ; 642 ; 2400
600 ; 100 ; 67 ; 35 ; 613 ; 2400
600 ; 100 ; 68 ; 29 ; 631 ; 2400
600 ; 100 ; 68 ; 31 ; 656 ; 2400
600 ; 100 ; 62 ; 24 ; 609 ; 2400
600 ; 100 ; 65 ; 28 ; 638 ; 2400
600 ; 100 ; 68 ; 36 ; 600 ; 2400
600 ; 100 ; 63 ; 26 ; 623 ; 2400
600 ; 100 ; 75 ; 29 ; 652 ; 2400
500 ; 1000 ; 700 ; 326 ; 6890 ; 24000
500 ; 1000 ; 685 ; 280 ; 6942 ; 24000
500 ; 1000 ; 683 ; 292 ; 6913 ; 24000
500 ; 1000 ; 673 ; 315 ; 6857 ; 24000
500 ; 1000 ; 717 ; 294 ; 7001 ; 24000
500 ; 1000 ; 682 ; 295 ; 6869 ; 24000
500 ; 1000 ; 701 ; 325 ; 7076 ; 24000
500 ; 1000 ; 694 ; 309 ; 7012 ; 24000
500 ; 1000 ; 641 ; 291 ; 6854 ; 24000
500 ; 1000 ; 681 ; 308 ; 7028 ; 24000
700 ; 1000 ; 707 ; 279 ; 7280 ; 24000
700 ; 1000 ; 702 ; 319 ; 7414 ; 24000
700 ; 1000 ; 717 ; 313 ; 7365 ; 24000
700 ; 1000 ; 691 ; 300 ; 7332 ; 24000
700 ; 1000 ; 705 ; 282 ; 7317 ; 24000
700 ; 1000 ; 697 ; 294 ; 7391 ; 24000
700 ; 1000 ; 695 ; 308 ; 7415 ; 24000
700 ; 1000 ; 691 ; 307 ; 7267 ; 24000
700 ; 1000 ; 705 ; 284 ; 7392 ; 24000
700 ; 1000 ; 681 ; 315 ; 7204 ; 24000
300 ; 1000 ; 632 ; 312 ; 6144 ; 24000
300 ; 1000 ; 637 ; 323 ; 6243 ; 24000
300 ; 1000 ; 641 ; 302 ; 6176 ; 24000
300 ; 1000 ; 639 ; 318 ; 6146 ; 24000
300 ; 1000 ; 621 ; 284 ; 6223 ; 24000
300 ; 1000 ; 621 ; 316 ; 6167 ; 24000
300 ; 1000 ; 643 ; 288 ; 6131 ; 24000
300 ; 1000 ; 653 ; 269 ; 6196 ; 24000
300 ; 1000 ; 616 ; 313 ; 6213 ; 24000
300 ; 1000 ; 641 ; 287 ; 6270 ; 24000
200 ; 1000 ; 635 ; 308 ; 5879 ; 24000
200 ; 1000 ; 649 ; 286 ; 5854 ; 24000
200 ; 1000 ; 634 ; 305 ; 5816 ; 24000
200 ; 1000 ; 641 ; 299 ; 5876 ; 24000
200 ; 1000 ; 627 ; 312 ; 5884 ; 24000
200 ; 1000 ; 643 ; 304 ; 5911 ; 24000
200 ; 1000 ; 614 ; 323 ; 5839 ; 24000
200 ; 1000 ; 613 ; 278 ; 5901 ; 24000
200 ; 1000 ; 621 ; 294 ; 5709 ; 24000
200 ; 1000 ; 606 ; 314 ; 5676 ; 24000
400 ; 1000 ; 680 ; 317 ; 6803 ; 24000
400 ; 1000 ; 661 ; 303 ; 6710 ; 24000
400 ; 1000 ; 692 ; 306 ; 6676 ; 24000
400 ; 1000 ; 666 ; 310 ; 6681 ; 24000
400 ; 1000 ; 673 ; 300 ; 6642 ; 24000
400 ; 1000 ; 618 ; 297 ; 6579 ; 24000
400 ; 1000 ; 681 ; 288 ; 6655 ; 24000
400 ; 1000 ; 646 ; 319 ; 6621 ; 24000
400 ; 1000 ; 677 ; 310 ; 6510 ; 24000
400 ; 1000 ; 674 ; 309 ; 6561 ; 24000
100 ; 1000 ; 574 ; 287 ; 4783 ; 24000
100 ; 1000 ; 559 ; 315 ; 4792 ; 24000
100 ; 1000 ; 571 ; 310 ; 4777 ; 24000
100 ; 1000 ; 577 ; 312 ; 4727 ; 24000
100 ; 1000 ; 597 ; 298 ; 4802 ; 24000
100 ; 1000 ; 563 ; 310 ; 4786 ; 24000
100 ; 1000 ; 555 ; 277 ; 4822 ; 24000
100 ; 1000 ; 555 ; 291 ; 4630 ; 24000
100 ; 1000 ; 579 ; 276 ; 4761 ; 24000
100 ; 1000 ; 573 ; 313 ; 4845 ; 24000
600 ; 1000 ; 710 ; 300 ; 7263 ; 24000
600 ; 1000 ; 681 ; 280 ; 7094 ; 24000
600 ; 1000 ; 680 ; 316 ; 7144 ; 24000
600 ; 1000 ; 683 ; 267 ; 7055 ; 24000
600 ; 1000 ; 697 ; 308 ; 7255 ; 24000
600 ; 1000 ; 697 ; 293 ; 7179 ; 24000
600 ; 1000 ; 695 ; 294 ; 7289 ; 24000
600 ; 1000 ; 706 ; 314 ; 7172 ; 24000
600 ; 1000 ; 682 ; 312 ; 7139 ; 24000
600 ; 1000 ; 703 ; 300 ; 7184 ; 24000
2200 ; 1000 ; 791 ; 312 ; 8761 ; 24000
2200 ; 1000 ; 779 ; 298 ; 8690 ; 24000
2200 ; 1000 ; 736 ; 292 ; 8617 ; 24000
2200 ; 1000 ; 792 ; 309 ; 8770 ; 24000
2200 ; 1000 ; 767 ; 276 ; 8719 ; 24000
2200 ; 1000 ; 789 ; 288 ; 8784 ; 24000
2200 ; 1000 ; 794 ; 272 ; 8901 ; 24000
2200 ; 1000 ; 750 ; 320 ; 8645 ; 24000
2200 ; 1000 ; 789 ; 299 ; 8729 ; 24000
2200 ; 1000 ; 768 ; 301 ; 8791 ; 24000
300 ; 1000 ; 682 ; 311 ; 6568 ; 24000
300 ; 1000 ; 681 ; 291 ; 6362 ; 24000
300 ; 1000 ; 678 ; 298 ; 6508 ; 24000
300 ; 1000 ; 665 ; 302 ; 6368 ; 24000
300 ; 1000 ; 696 ; 293 ; 6468 ; 24000
300 ; 1000 ; 689 ; 294 ; 6494 ; 24000
300 ; 1000 ; 686 ; 294 ; 6611 ; 24000
300 ; 1000 ; 673 ; 285 ; 6424 ; 24000
300 ; 1000 ; 686 ; 288 ; 6610 ; 24000
300 ; 1000 ; 700 ; 296 ; 6498 ; 24000
900 ; 1000 ; 705 ; 299 ; 7592 ; 24000
900 ; 1000 ; 716 ; 298 ; 7604 ; 24000
900 ; 1000 ; 723 ; 320 ; 7658 ; 24000
900 ; 1000 ; 713 ; 308 ; 7663 ; 24000
900 ; 1000 ; 721 ; 314 ; 7746 ; 24000
900 ; 1000 ; 707 ; 282 ; 7653 ; 24000
900 ; 1000 ; 727 ; 305 ; 7651 ; 24000
900 ; 1000 ; 717 ; 313 ; 7668 ; 24000
900 ; 1000 ; 715 ; 277 ; 7705 ; 24000
900 ; 1000 ; 738 ; 318 ; 7828 ; 24000
1100 ; 1000 ; 769 ; 304 ; 8028 ; 24000
1100 ; 1000 ; 732 ; 300 ; 7932 ; 24000
1100 ; 1000 ; 746 ; 327 ; 8043 ; 24000
1100 ; 1000 ; 712 ; 336 ; 7760 ; 24000
1100 ; 1000 ; 743 ; 292 ; 7901 ; 24000
1100 ; 1000 ; 769 ; 321 ; 7956 ; 24000
1100 ; 1000 ; 731 ; 302 ; 7950 ; 24000
1100 ; 1000 ; 722 ; 289 ; 7891 ; 24000
1100 ; 1000 ; 748 ; 297 ; 8065 ; 24000
1100 ; 1000 ; 715 ; 300 ; 7972 ; 24000
500 ; 1000 ; 701 ; 300 ; 6939 ; 24000
500 ; 1000 ; 700 ; 316 ; 7007 ; 24000
500 ; 1000 ; 700 ; 329 ; 7071 ; 24000
500 ; 1000 ; 683 ; 308 ; 6927 ; 24000
500 ; 1000 ; 703 ; 299 ; 7068 ; 24000
500 ; 1000 ; 682 ; 307 ; 6961 ; 24000
500 ; 1000 ; 707 ; 301 ; 7091 ; 24000
500 ; 1000 ; 689 ; 286 ; 6879 ; 24000
500 ; 1000 ; 718 ; 295 ; 6991 ; 24000
500 ; 1000 ; 687 ; 277 ; 6977 ; 24000
1000 ; 1000 ; 723 ; 277 ; 7844 ; 24000
1000 ; 1000 ; 741 ; 279 ; 7821 ; 24000
1000 ; 1000 ; 749 ; 306 ; 7696 ; 24000
1000 ; 1000 ; 726 ; 301 ; 7686 ; 24000
1000 ; 1000 ; 741 ; 311 ; 7954 ; 24000
1000 ; 1000 ; 713 ; 307 ; 7776 ; 24000
1000 ; 1000 ; 737 ; 312 ; 7872 ; 24000
1000 ; 1000 ; 743 ; 295 ; 7892 ; 24000
1000 ; 1000 ; 736 ; 298 ; 7632 ; 24000
1000 ; 1000 ; 716 ; 300 ; 7742 ; 24000
2300 ; 1000 ; 787 ; 306 ; 8816 ; 24000
2300 ; 1000 ; 791 ; 316 ; 8800 ; 24000
2300 ; 1000 ; 788 ; 312 ; 8778 ; 24000
2300 ; 1000 ; 769 ; 298 ; 8923 ; 24000
2300 ; 1000 ; 765 ; 294 ; 8758 ; 24000
2300 ; 1000 ; 778 ; 294 ; 8823 ; 24000
2300 ; 1000 ; 773 ; 303 ; 8704 ; 24000
2300 ; 1000 ; 770 ; 301 ; 8821 ; 24000
2300 ; 1000 ; 794 ; 292 ; 8855 ; 24000
2300 ; 1000 ; 781 ; 330 ; 8755 ; 24000
500 ; 1000 ; 681 ; 291 ; 6931 ; 24000
500 ; 1000 ; 677 ; 302 ; 6900 ; 24000
500 ; 1000 ; 702 ; 285 ; 6993 ; 24000
500 ; 1000 ; 679 ; 312 ; 7017 ; 24000
500 ; 1000 ; 654 ; 298 ; 6833 ; 24000
500 ; 1000 ; 687 ; 282 ; 6859 ; 24000
500 ; 1000 ; 685 ; 312 ; 6949 ; 24000
500 ; 1000 ; 693 ; 284 ; 6901 ; 24000
500 ; 1000 ; 656 ; 342 ; 6698 ; 24000
500 ; 1000 ; 661 ; 291 ; 6932 ; 24000
100 ; 1000 ; 573 ; 284 ; 4814 ; 24000
100 ; 1000 ; 554 ; 286 ; 4815 ; 24000
100 ; 1000 ; 554 ; 294 ; 4702 ; 24000
100 ; 1000 ; 560 ; 293 ; 4739 ; 24000
100 ; 1000 ; 573 ; 289 ; 4863 ; 24000
100 ; 1000 ; 567 ; 311 ; 4883 ; 24000
100 ; 1000 ; 577 ; 305 ; 4810 ; 24000
100 ; 1000 ; 571 ; 301 ; 4739 ; 24000
100 ; 1000 ; 590 ; 305 ; 4866 ; 24000
100 ; 1000 ; 602 ; 284 ; 4811 ; 24000
1600 ; 1000 ; 762 ; 317 ; 8342 ; 24000
1600 ; 1000 ; 764 ; 291 ; 8413 ; 24000
1600 ; 1000 ; 771 ; 310 ; 8474 ; 24000
1600 ; 1000 ; 759 ; 298 ; 8313 ; 24000
1600 ; 1000 ; 795 ; 307 ; 8489 ; 24000
1600 ; 1000 ; 743 ; 297 ; 8178 ; 24000
1600 ; 1000 ; 753 ; 300 ; 8325 ; 24000
1600 ; 1000 ; 745 ; 302 ; 8359 ; 24000
1600 ; 1000 ; 776 ; 305 ; 8411 ; 24000
1600 ; 1000 ; 778 ; 300 ; 8434 ; 24000
200 ; 1000 ; 621 ; 322 ; 5610 ; 24000
200 ; 1000 ; 603 ; 291 ; 5509 ; 24000
200 ; 1000 ; 591 ; 300 ; 5448 ; 24000
200 ; 1000 ; 613 ; 308 ; 5532 ; 24000
200 ; 1000 ; 582 ; 284 ; 5515 ; 24000
200 ; 1000 ; 584 ; 312 ; 5488 ; 24000
200 ; 1000 ; 605 ; 291 ; 5632 ; 24000
200 ; 1000 ; 623 ; 278 ; 5523 ; 24000
200 ; 1000 ; 591 ; 282 ; 5485 ; 24000
200 ; 1000 ; 569 ; 283 ; 5593 ; 24000
700 ; 1000 ; 695 ; 296 ; 7387 ; 24000
700 ; 1000 ; 712 ; 327 ; 7430 ; 24000
700 ; 1000 ; 703 ; 299 ; 7170 ; 24000
700 ; 1000 ; 713 ; 312 ; 7418 ; 24000
700 ; 1000 ; 725 ; 306 ; 7467 ; 24000
700 ; 1000 ; 719 ; 306 ; 7527 ; 24000
700 ; 1000 ; 706 ; 294 ; 7382 ; 24000
700 ; 1000 ; 731 ; 311 ; 7413 ; 24000
700 ; 1000 ; 731 ; 324 ; 7498 ; 24000
700 ; 1000 ; 720 ; 301 ; 7290 ; 24000
500 ; 1000 ; 683 ; 290 ; 6991 ; 24000
500 ; 1000 ; 691 ; 301 ; 7032 ; 24000
500 ; 1000 ; 677 ; 323 ; 6943 ; 24000
500 ; 1000 ; 684 ; 284 ; 7010 ; 24000
500 ; 1000 ; 686 ; 281 ; 7022 ; 24000
500 ; 1000 ; 686 ; 325 ; 6984 ; 24000
500 ; 1000 ; 697 ; 310 ; 7064 ; 24000
500 ; 1000 ; 678 ; 267 ; 6923 ; 24000
500 ; 1000 ; 701 ; 300 ; 7028 ; 24000
500 ; 1000 ; 704 ; 312 ; 6969 ; 24000
700 ; 1000 ; 704 ; 287 ; 7384 ; 24000
700 ; 1000 ; 709 ; 312 ; 7495 ; 24000
700 ; 1000 ; 705 ; 285 ; 7443 ; 24000
700 ; 1000 ; 718 ; 304 ; 7498 ; 24000
700 ; 1000 ; 729 ; 313 ; 7549 ; 24000
700 ; 1000 ; 723 ; 291 ; 7363 ; 24000
700 ; 1000 ; 731 ; 311 ; 7653 ; 24000
700 ; 1000 ; 725 ; 293 ; 7543 ; 24000
700 ; 1000 ; 732 ; 292 ; 7650 ; 24000
700 ; 1000 ; 725 ; 291 ; 7477 ; 24000
300 ; 1000 ; 666 ; 298 ; 6207 ; 24000
300 ; 1000 ; 638 ; 322 ; 6118 ; 24000
300 ; 1000 ; 645 ; 301 ; 6057 ; 24000
300 ; 1000 ; 637 ; 321 ; 6165 ; 24000
300 ; 1000 ; 637 ; 294 ; 6239 ; 24000
300 ; 1000 ; 650 ; 306 ; 6296 ; 24000
300 ; 1000 ; 649 ; 298 ; 6197 ; 24000
300 ; 1000 ; 641 ; 283 ; 6080 ; 24000
300 ; 1000 ; 637 ; 304 ; 6082 ; 24000
300 ; 1000 ; 667 ; 328 ; 6103 ; 24000
1800 ; 1000 ; 769 ; 290 ; 8418 ; 24000
1800 ; 1000 ; 785 ; 326 ; 8524 ; 24000
1800 ; 1000 ; 760 ; 291 ; 8451 ; 24000
1800 ; 1000 ; 783 ; 308 ; 8644 ; 24000
1800 ; 1000 ; 767 ; 295 ; 8561 ; 24000
1800 ; 1000 ; 775 ; 311 ; 8469 ; 24000
1800 ; 1000 ; 776 ; 280 ; 8404 ; 24000
1800 ; 1000 ; 778 ; 303 ; 8594 ; 24000
1800 ; 1000 ; 754 ; 323 ; 8430 ; 24000
1800 ; 1000 ; 751 ; 321 ; 8532 ; 24000
700 ; 1000 ; 714 ; 276 ; 7402 ; 24000
700 ; 1000 ; 710 ; 299 ; 7450 ; 24000
700 ; 1000 ; 688 ; 301 ; 7367 ; 24000
700 ; 1000 ; 709 ; 329 ; 7414 ; 24000
700 ; 1000 ; 701 ; 289 ; 7353 ; 24000
700 ; 1000 ; 697 ; 295 ; 7278 ; 24000
700 ; 1000 ; 720 ; 285 ; 7501 ; 24000
700 ; 1000 ; 707 ; 281 ; 7331 ; 24000
700 ; 1000 ; 685 ; 299 ; 7370 ; 24000
700 ; 1000 ; 698 ; 286 ; 7354 ; 24000
1200 ; 1000 ; 765 ; 291 ; 8219 ; 24000
1200 ; 1000 ; 748 ; 296 ; 7987 ; 24000
1200 ; 1000 ; 742 ; 307 ; 8018 ; 24000
1200 ; 1000 ; 731 ; 312 ; 7918 ; 24000
1200 ; 1000 ; 744 ; 334 ; 8054 ; 24000
1200 ; 1000 ; 785 ; 291 ; 8148 ; 24000
1200 ; 1000 ; 754 ; 317 ; 8203 ; 24000
1200 ; 1000 ; 753 ; 298 ; 8089 ; 24000
1200 ; 1000 ; 752 ; 283 ; 8184 ; 24000
1200 ; 1000 ; 758 ; 289 ; 8133 ; 24000
700 ; 1000 ; 686 ; 294 ; 7189 ; 24000
700 ; 1000 ; 726 ; 301 ; 7389 ; 24000
700 ; 1000 ; 698 ; 304 ; 7257 ; 24000
700 ; 1000 ; 726 ; 299 ; 7369 ; 24000
700 ; 1000 ; 715 ; 324 ; 7401 ; 24000
700 ; 1000 ; 718 ; 322 ; 7333 ; 24000
700 ; 1000 ; 702 ; 282 ; 7348 ; 24000
700 ; 1000 ; 701 ; 282 ; 7360 ; 24000
700 ; 1000 ; 739 ; 319 ; 7342 ; 24000
700 ; 1000 ; 696 ; 276 ; 7401 ; 24000
300 ; 1000 ; 663 ; 297 ; 6281 ; 24000
300 ; 1000 ; 632 ; 306 ; 6192 ; 24000
300 ; 1000 ; 639 ; 290 ; 6150 ; 24000
300 ; 1000 ; 650 ; 321 ; 6274 ; 24000
300 ; 1000 ; 646 ; 300 ; 6203 ; 24000
300 ; 1000 ; 660 ; 316 ; 6202 ; 24000
300 ; 1000 ; 644 ; 298 ; 6327 ; 24000
300 ; 1000 ; 642 ; 286 ; 6236 ; 24000
300 ; 1000 ; 651 ; 293 ; 6212 ; 24000
300 ; 1000 ; 679 ; 298 ; 6278 ; 24000
600 ; 1000 ; 663 ; 305 ; 7153 ; 24000
600 ; 1000 ; 722 ; 299 ; 7255 ; 24000
600 ; 1000 ; 727 ; 330 ; 7245 ; 24000
600 ; 1000 ; 701 ; 288 ; 7183 ; 24000
600 ; 1000 ; 708 ; 298 ; 7362 ; 24000
600 ; 1000 ; 714 ; 303 ; 7291 ; 24000
600 ; 1000 ; 714 ; 308 ; 7302 ; 24000
600 ; 1000 ; 714 ; 313 ; 7227 ; 24000
600 ; 1000 ; 703 ; 283 ; 7297 ; 24000
600 ; 1000 ; 722 ; 296 ; 7333 ; 24000
1200 ; 1000 ; 766 ; 315 ; 8105 ; 24000
1200 ; 1000 ; 748 ; 318 ; 8182 ; 24000
1200 ; 1000 ; 736 ; 297 ; 7982 ; 24000
1200 ; 1000 ; 773 ; 295 ; 8158 ; 24000
1200 ; 1000 ; 757 ; 266 ; 8107 ; 24000
1200 ; 1000 ; 755 ; 294 ; 8087 ; 24000
1200 ; 1000 ; 755 ; 293 ; 8002 ; 24000
1200 ; 1000 ; 746 ; 318 ; 7977 ; 24000
1200 ; 1000 ; 757 ; 286 ; 8236 ; 24000
1200 ; 1000 ; 737 ; 301 ; 7964 ; 24000
200 ; 1000 ; 632 ; 324 ; 5741 ; 24000
200 ; 1000 ; 631 ; 312 ; 5828 ; 24000
200 ; 1000 ; 634 ; 287 ; 5775 ; 24000
200 ; 1000 ; 615 ; 334 ; 5712 ; 24000
200 ; 1000 ; 613 ; 306 ; 5679 ; 24000
200 ; 1000 ; 608 ; 311 ; 5767 ; 24000
200 ; 1000 ; 626 ; 300 ; 5786 ; 24000
200 ; 1000 ; 661 ; 308 ; 5874 ; 24000
200 ; 1000 ; 641 ; 319 ; 5843 ; 24000
200 ; 1000 ; 621 ; 307 ; 5775 ; 24000
1200 ; 1000 ; 770 ; 298 ; 8133 ; 24000
1200 ; 1000 ; 748 ; 315 ; 8105 ; 24000
1200 ; 1000 ; 772 ; 318 ; 8051 ; 24000
1200 ; 1000 ; 771 ; 306 ; 8085 ; 24000
1200 ; 1000 ; 756 ; 273 ; 8170 ; 24000
1200 ; 1000 ; 770 ; 281 ; 8044 ; 24000
1200 ; 1000 ; 776 ; 294 ; 8201 ; 24000
1200 ; 1000 ; 761 ; 307 ; 8003 ; 24000
1200 ; 1000 ; 755 ; 308 ; 8061 ; 24000
1200 ; 1000 ; 750 ; 298 ; 7907 ; 24000
1500 ; 1000 ; 774 ; 321 ; 8426 ; 24000
1500 ; 1000 ; 752 ; 281 ; 8161 ; 24000
1500 ; 1000 ; 766 ; 310 ; 8485 ; 24000
1500 ; 1000 ; 793 ; 303 ; 8540 ; 24000
1500 ; 1000 ; 793 ; 295 ; 8492 ; 24000
1500 ; 1000 ; 780 ; 303 ; 8318 ; 24000
1500 ; 1000 ; 768 ; 295 ; 8524 ; 24000
1500 ; 1000 ; 755 ; 300 ; 8245 ; 24000
1500 ; 1000 ; 772 ; 322 ; 8476 ; 24000
1500 ; 1000 ; 782 ; 312 ; 8392 ; 24000
2800 ; 1000 ; 794 ; 278 ; 9054 ; 24000
2800 ; 1000 ; 794 ; 321 ; 9005 ; 24000
2800 ; 1000 ; 800 ; 300 ; 9068 ; 24000
2800 ; 1000 ; 806 ; 331 ; 9050 ; 24000
2800 ; 1000 ; 800 ; 302 ; 8973 ; 24000
2800 ; 1000 ; 788 ; 298 ; 8947 ; 24000
2800 ; 1000 ; 807 ; 310 ; 9039 ; 24000
2800 ; 1000 ; 811 ; 281 ; 9135 ; 24000
2800 ; 1000 ; 764 ; 316 ; 8911 ; 24000
2800 ; 1000 ; 782 ; 297 ; 8971 ; 24000
1500 ; 1000 ; 767 ; 292 ; 8292 ; 24000
1500 ; 1000 ; 781 ; 313 ; 8285 ; 24000
1500 ; 1000 ; 736 ; 326 ; 8170 ; 24000
1500 ; 1000 ; 771 ; 329 ; 8341 ; 24000
1500 ; 1000 ; 756 ; 311 ; 8227 ; 24000
1500 ; 1000 ; 762 ; 320 ; 8327 ; 24000
1500 ; 1000 ; 754 ; 325 ; 8275 ; 24000
1500 ; 1000 ; 781 ; 297 ; 8401 ; 24000
1500 ; 1000 ; 772 ; 315 ; 8323 ; 24000
1500 ; 1000 ; 748 ; 315 ; 8188 ; 24000
1300 ; 1000 ; 756 ; 278 ; 8229 ; 24000
1300 ; 1000 ; 753 ; 308 ; 8277 ; 24000
1300 ; 1000 ; 775 ; 304 ; 8360 ; 24000
1300 ; 1000 ; 759 ; 278 ; 8218 ; 24000
1300 ; 1000 ; 769 ; 301 ; 8165 ; 24000
1300 ; 1000 ; 777 ; 302 ; 8206 ; 24000
1300 ; 1000 ; 752 ; 310 ; 8170 ; 24000
1300 ; 1000 ; 775 ; 300 ; 8372 ; 24000
1300 ; 1000 ; 749 ; 290 ; 8161 ; 24000
1300 ; 1000 ; 775 ; 290 ; 8337 ; 24000
1700 ; 1000 ; 774 ; 301 ; 8406 ; 24000
1700 ; 1000 ; 759 ; 314 ; 8324 ; 24000
1700 ; 1000 ; 761 ; 320 ; 8227 ; 24000
1700 ; 1000 ; 750 ; 302 ; 8351 ; 24000
1700 ; 1000 ; 766 ; 326 ; 8353 ; 24000
1700 ; 1000 ; 762 ; 311 ; 8398 ; 24000
1700 ; 1000 ; 767 ; 299 ; 8372 ; 24000
1700 ; 1000 ; 772 ; 324 ; 8523 ; 24000
1700 ; 1000 ; 765 ; 305 ; 8492 ; 24000
1700 ; 1000 ; 751 ; 302 ; 8386 ; 24000
2400 ; 1000 ; 770 ; 295 ; 8779 ; 24000
2400 ; 1000 ; 780 ; 308 ; 8835 ; 24000
2400 ; 1000 ; 799 ; 309 ; 8930 ; 24000
2400 ; 1000 ; 790 ; 316 ; 8863 ; 24000
2400 ; 1000 ; 776 ; 304 ; 8767 ; 24000
2400 ; 1000 ; 770 ; 313 ; 8872 ; 24000
2400 ; 1000 ; 792 ; 323 ; 8846 ; 24000
2400 ; 1000 ; 763 ; 314 ; 8753 ; 24000
2400 ; 1000 ; 783 ; 292 ; 8840 ; 24000
2400 ; 1000 ; 791 ; 293 ; 8912 ; 24000
1400 ; 1000 ; 758 ; 286 ; 8356 ; 24000
1400 ; 1000 ; 764 ; 271 ; 8283 ; 24000
1400 ; 1000 ; 774 ; 334 ; 8282 ; 24000
1400 ; 1000 ; 752 ; 310 ; 8189 ; 24000
1400 ; 1000 ; 756 ; 324 ; 8234 ; 24000
1400 ; 1000 ; 754 ; 335 ; 8201 ; 24000
1400 ; 1000 ; 757 ; 299 ; 8351 ; 24000
1400 ; 1000 ; 769 ; 319 ; 8198 ; 24000
1400 ; 1000 ; 777 ; 296 ; 8283 ; 24000
1400 ; 1000 ; 759 ; 297 ; 8368 ; 24000
100 ; 1000 ; 557 ; 285 ; 4815 ; 24000
100 ; 1000 ; 590 ; 295 ; 4884 ; 24000
100 ; 1000 ; 577 ; 302 ; 4717 ; 24000
100 ; 1000 ; 574 ; 294 ; 4830 ; 24000
100 ; 1000 ; 584 ; 327 ; 4694 ; 24000
100 ; 1000 ; 599 ; 306 ; 4829 ; 24000
100 ; 1000 ; 565 ; 305 ; 4627 ; 24000
100 ; 1000 ; 552 ; 284 ; 4744 ; 24000
100 ; 1000 ; 568 ; 312 ; 4811 ; 24000
100 ; 1000 ; 593 ; 293 ; 4708 ; 24000
400 ; 1000 ; 679 ; 317 ; 6643 ; 24000
400 ; 1000 ; 667 ; 290 ; 6513 ; 24000
400 ; 1000 ; 709 ; 288 ; 6731 ; 24000
400 ; 1000 ; 673 ; 296 ; 6571 ; 24000
400 ; 1000 ; 643 ; 289 ; 6465 ; 24000
400 ; 1000 ; 640 ; 322 ; 6497 ; 24000
400 ; 1000 ; 686 ; 295 ; 6640 ; 24000
400 ; 1000 ; 702 ; 294 ; 6701 ; 24000
400 ; 1000 ; 674 ; 303 ; 6676 ; 24000
400 ; 1000 ; 688 ; 338 ; 6588 ; 24000
1900 ; 1000 ; 774 ; 285 ; 8534 ; 24000
1900 ; 1000 ; 766 ; 318 ; 8529 ; 24000
1900 ; 1000 ; 778 ; 291 ; 8672 ; 24000
1900 ; 1000 ; 787 ; 287 ; 8688 ; 24000
1900 ; 1000 ; 759 ; 322 ; 8683 ; 24000
1900 ; 1000 ; 776 ; 297 ; 8567 ; 24000
1900 ; 1000 ; 741 ; 313 ; 8430 ; 24000
1900 ; 1000 ; 788 ; 299 ; 8757 ; 24000
1900 ; 1000 ; 784 ; 330 ; 8551 ; 24000
1900 ; 1000 ; 788 ; 301 ; 8656 ; 24000
200 ; 1000 ; 650 ; 330 ; 5942 ; 24000
200 ; 1000 ; 658 ; 320 ; 5807 ; 24000
200 ; 1000 ; 640 ; 267 ; 5926 ; 24000
200 ; 1000 ; 645 ; 291 ; 5742 ; 24000
200 ; 1000 ; 623 ; 300 ; 5832 ; 24000
200 ; 1000 ; 655 ; 276 ; 5883 ; 24000
200 ; 1000 ; 650 ; 298 ; 5780 ; 24000
200 ; 1000 ; 657 ; 294 ; 5988 ; 24000
200 ; 1000 ; 623 ; 308 ; 5740 ; 24000
200 ; 1000 ; 634 ; 319 ; 5848 ; 24000
800 ; 1000 ; 730 ; 311 ; 7602 ; 24000
800 ; 1000 ; 724 ; 307 ; 7617 ; 24000
800 ; 1000 ; 716 ; 302 ; 7568 ; 24000
800 ; 1000 ; 713 ; 306 ; 7643 ; 24000
800 ; 1000 ; 707 ; 292 ; 7622 ; 24000
800 ; 1000 ; 719 ; 278 ; 7646 ; 24000
800 ; 1000 ; 719 ; 314 ; 7634 ; 24000
800 ; 1000 ; 746 ; 303 ; 7689 ; 24000
800 ; 1000 ; 725 ; 312 ; 7562 ; 24000
800 ; 1000 ; 740 ; 295 ; 7652 ; 24000
300 ; 1000 ; 625 ; 313 ; 6136 ; 24000
300 ; 1000 ; 608 ; 298 ; 5962 ; 24000
300 ; 1000 ; 628 ; 311 ; 6021 ; 24000
300 ; 1000 ; 611 ; 297 ; 6005 ; 24000
300 ; 1000 ; 657 ; 288 ; 6053 ; 24000
300 ; 1000 ; 626 ; 302 ; 6033 ; 24000
300 ; 1000 ; 612 ; 295 ; 5963 ; 24000
300 ; 1000 ; 626 ; 305 ; 5917 ; 24000
300 ; 1000 ; 652 ; 323 ; 6243 ; 24000
300 ; 1000 ; 639 ; 317 ; 6072 ; 24000
1300 ; 1000 ; 741 ; 302 ; 8109 ; 24000
1300 ; 1000 ; 743 ; 302 ; 8184 ; 24000
1300 ; 1000 ; 774 ; 292 ; 8279 ; 24000
1300 ; 1000 ; 750 ; 310 ; 8011 ; 24000
1300 ; 1000 ; 745 ; 312 ; 8108 ; 24000
1300 ; 1000 ; 771 ; 323 ; 8234 ; 24000
1300 ; 1000 ; 778 ; 327 ; 8259 ; 24000
1300 ; 1000 ; 757 ; 284 ; 8217 ; 24000
1300 ; 1000 ; 756 ; 303 ; 8196 ; 24000
1300 ; 1000 ; 736 ; 298 ; 8159 ; 24000
2600 ; 1000 ; 798 ; 317 ; 8979 ; 24000
2600 ; 1000 ; 810 ; 307 ; 8951 ; 24000
2600 ; 1000 ; 791 ; 325 ; 8858 ; 24000
2600 ; 1000 ; 795 ; 281 ; 9007 ; 24000
2600 ; 1000 ; 806 ; 301 ; 8771 ; 24000
2600 ; 1000 ; 801 ; 304 ; 8955 ; 24000
2600 ; 1000 ; 768 ; 320 ; 8857 ; 24000
2600 ; 1000 ; 785 ; 289 ; 8899 ; 24000
2600 ; 1000 ; 807 ; 294 ; 8978 ; 24000
2600 ; 1000 ; 781 ; 315 ; 8962 ; 24000
2500 ; 1000 ; 766 ; 317 ; 8828 ; 24000
2500 ; 1000 ; 791 ; 328 ; 8941 ; 24000
2500 ; 1000 ; 768 ; 330 ; 8873 ; 24000
2500 ; 1000 ; 795 ; 292 ; 8922 ; 24000
2500 ; 1000 ; 813 ; 289 ; 8987 ; 24000
2500 ; 1000 ; 775 ; 290 ; 8876 ; 24000
2500 ; 1000 ; 810 ; 287 ; 9022 ; 24000
2500 ; 1000 ; 798 ; 319 ; 8927 ; 24000
2500 ; 1000 ; 783 ; 315 ; 8856 ; 24000
2500 ; 1000 ; 798 ; 310 ; 8976 ; 24000
2700 ; 1000 ; 779 ; 341 ; 8996 ; 24000
2700 ; 1000 ; 788 ; 296 ; 9043 ; 24000
2700 ; 1000 ; 791 ; 293 ; 8989 ; 24000
2700 ; 1000 ; 784 ; 297 ; 8951 ; 24000
2700 ; 1000 ; 782 ; 316 ; 8935 ; 24000
2700 ; 1000 ; 789 ; 295 ; 8956 ; 24000
2700 ; 1000 ; 783 ; 318 ; 8955 ; 24000
2700 ; 1000 ; 773 ; 317 ; 8959 ; 24000
2700 ; 1000 ; 792 ; 302 ; 8929 ; 24000
2700 ; 1000 ; 799 ; 303 ; 9075 ; 24000
400 ; 1000 ; 659 ; 306 ; 6532 ; 24000
400 ; 1000 ; 669 ; 305 ; 6576 ; 24000
400 ; 1000 ; 662 ; 295 ; 6651 ; 24000
400 ; 1000 ; 660 ; 315 ; 6565 ; 24000
400 ; 1000 ; 682 ; 300 ; 6616 ; 24000
400 ; 1000 ; 640 ; 326 ; 6496 ; 24000
400 ; 1000 ; 660 ; 293 ; 6620 ; 24000
400 ; 1000 ; 647 ; 316 ; 6515 ; 24000
400 ; 1000 ; 666 ; 308 ; 6566 ; 24000
400 ; 1000 ; 637 ; 280 ; 6521 ; 24000
1400 ; 1000 ; 774 ; 306 ; 8362 ; 24000
1400 ; 1000 ; 795 ; 310 ; 8408 ; 24000
1400 ; 1000 ; 738 ; 293 ; 8177 ; 24000
1400 ; 1000 ; 770 ; 330 ; 8275 ; 24000
1400 ; 1000 ; 766 ; 289 ; 8196 ; 24000
1400 ; 1000 ; 745 ; 323 ; 8351 ; 24000
1400 ; 1000 ; 761 ; 305 ; 8233 ; 24000
1400 ; 1000 ; 762 ; 314 ; 8281 ; 24000
1400 ; 1000 ; 756 ; 302 ; 8176 ; 24000
1400 ; 1000 ; 793 ; 296 ; 8348 ; 24000
1000 ; 1000 ; 722 ; 295 ; 7853 ; 24000
1000 ; 1000 ; 718 ; 291 ; 7683 ; 24000
1000 ; 1000 ; 759 ; 327 ; 7858 ; 24000
1000 ; 1000 ; 745 ; 305 ; 7913 ; 24000
1000 ; 1000 ; 722 ; 301 ; 7976 ; 24000
1000 ; 1000 ; 744 ; 319 ; 7873 ; 24000
1000 ; 1000 ; 744 ; 311 ; 7881 ; 24000
1000 ; 1000 ; 727 ; 282 ; 7915 ; 24000
1000 ; 1000 ; 720 ; 291 ; 7730 ; 24000
1000 ; 1000 ; 742 ; 321 ; 7909 ; 24000
1300 ; 1000 ; 773 ; 302 ; 8253 ; 24000
1300 ; 1000 ; 751 ; 297 ; 8140 ; 24000
1300 ; 1000 ; 752 ; 318 ; 8089 ; 24000
1300 ; 1000 ; 773 ; 311 ; 8147 ; 24000
1300 ; 1000 ; 741 ; 296 ; 8058 ; 24000
1300 ; 1000 ; 773 ; 292 ; 8250 ; 24000
1300 ; 1000 ; 754 ; 315 ; 8300 ; 24000
1300 ; 1000 ; 763 ; 323 ; 8160 ; 24000
1300 ; 1000 ; 749 ; 318 ; 8144 ; 24000
1300 ; 1000 ; 754 ; 298 ; 8171 ; 24000
100 ; 1000 ; 553 ; 292 ; 4567 ; 24000
100 ; 1000 ; 550 ; 294 ; 4444 ; 24000
100 ; 1000 ; 542 ; 294 ; 4476 ; 24000
100 ; 1000 ; 576 ; 287 ; 4562 ; 24000
100 ; 1000 ; 565 ; 298 ; 4443 ; 24000
100 ; 1000 ; 561 ; 297 ; 4583 ; 24000
100 ; 1000 ; 570 ; 301 ; 4513 ; 24000
100 ; 1000 ; 571 ; 324 ; 4467 ; 24000
100 ; 1000 ; 570 ; 283 ; 4563 ; 24000
100 ; 1000 ; 549 ; 318 ; 4513 ; 24000
600 ; 1000 ; 695 ; 296 ; 7198 ; 24000
600 ; 1000 ; 700 ; 286 ; 7156 ; 24000
600 ; 1000 ; 678 ; 306 ; 7093 ; 24000
600 ; 1000 ; 702 ; 312 ; 7334 ; 24000
600 ; 1000 ; 685 ; 317 ; 7094 ; 24000
600 ; 1000 ; 678 ; 301 ; 7222 ; 24000
600 ; 1000 ; 716 ; 298 ; 7158 ; 24000
600 ; 1000 ; 690 ; 298 ; 7105 ; 24000
600 ; 1000 ; 694 ; 317 ; 7108 ; 24000
600 ; 1000 ; 693 ; 308 ; 7172 ; 24000
900 ; 1000 ; 753 ; 319 ; 7803 ; 24000
900 ; 1000 ; 713 ; 322 ; 7630 ; 24000
900 ; 1000 ; 747 ; 314 ; 7720 ; 24000
900 ; 1000 ; 750 ; 313 ; 7776 ; 24000
1600 ; 1000 ; 792 ; 286 ; 8506 ; 24000
900 ; 1000 ; 714 ; 310 ; 7592 ; 24000
900 ; 1000 ; 748 ; 285 ; 7826 ; 24000
1600 ; 1000 ; 788 ; 324 ; 8496 ; 24000
900 ; 1000 ; 746 ; 301 ; 7698 ; 24000
1600 ; 1000 ; 791 ; 295 ; 8516 ; 24000
900 ; 1000 ; 737 ; 313 ; 7705 ; 24000
1600 ; 1000 ; 782 ; 315 ; 8534 ; 24000
900 ; 1000 ; 751 ; 322 ; 7851 ; 24000
900 ; 1000 ; 726 ; 302 ; 7657 ; 24000
1600 ; 1000 ; 767 ; 275 ; 8462 ; 24000
400 ; 1000 ; 670 ; 302 ; 6695 ; 24000
1600 ; 1000 ; 795 ; 291 ; 8618 ; 24000
400 ; 1000 ; 680 ; 298 ; 6753 ; 24000
1600 ; 1000 ; 772 ; 293 ; 8417 ; 24000
400 ; 1000 ; 687 ; 302 ; 6726 ; 24000
1600 ; 1000 ; 744 ; 283 ; 8484 ; 24000
400 ; 1000 ; 682 ; 324 ; 6717 ; 24000
400 ; 1000 ; 678 ; 266 ; 6682 ; 24000
1600 ; 1000 ; 773 ; 321 ; 8389 ; 24000
400 ; 1000 ; 651 ; 333 ; 6518 ; 24000
1600 ; 1000 ; 752 ; 294 ; 8392 ; 24000
400 ; 1000 ; 651 ; 290 ; 6689 ; 24000
3000 ; 1000 ; 836 ; 304 ; 9480 ; 24000
400 ; 1000 ; 663 ; 318 ; 6548 ; 24000
400 ; 1000 ; 672 ; 299 ; 6654 ; 24000
3000 ; 1000 ; 803 ; 312 ; 9297 ; 24000
400 ; 1000 ; 691 ; 311 ; 6763 ; 24000
3000 ; 1000 ; 807 ; 310 ; 9349 ; 24000
2100 ; 1000 ; 767 ; 256 ; 8641 ; 24000
3000 ; 1000 ; 818 ; 300 ; 9478 ; 24000
2100 ; 1000 ; 768 ; 309 ; 8732 ; 24000
2100 ; 1000 ; 805 ; 303 ; 8758 ; 24000
3000 ; 1000 ; 822 ; 298 ; 9420 ; 24000
2100 ; 1000 ; 793 ; 293 ; 8833 ; 24000
3000 ; 1000 ; 815 ; 304 ; 9353 ; 24000
2100 ; 1000 ; 789 ; 309 ; 8811 ; 24000
3000 ; 1000 ; 809 ; 297 ; 9397 ; 24000
2100 ; 1000 ; 783 ; 314 ; 8779 ; 24000
2100 ; 1000 ; 771 ; 303 ; 8608 ; 24000
3000 ; 1000 ; 818 ; 310 ; 9353 ; 24000
2100 ; 1000 ; 789 ; 315 ; 8678 ; 24000
3000 ; 1000 ; 815 ; 295 ; 9312 ; 24000
2100 ; 1000 ; 782 ; 319 ; 8737 ; 24000
3000 ; 1000 ; 826 ; 287 ; 9409 ; 24000
2100 ; 1000 ; 782 ; 298 ; 8687 ; 24000
2000 ; 1000 ; 775 ; 297 ; 8695 ; 24000
2500 ; 1000 ; 807 ; 298 ; 9095 ; 24000
2000 ; 1000 ; 775 ; 284 ; 8731 ; 24000
2500 ; 1000 ; 825 ; 314 ; 8962 ; 24000
2000 ; 1000 ; 777 ; 305 ; 8730 ; 24000
2500 ; 1000 ; 813 ; 282 ; 8921 ; 24000
2000 ; 1000 ; 786 ; 305 ; 8754 ; 24000
2000 ; 1000 ; 793 ; 269 ; 8700 ; 24000
2500 ; 1000 ; 811 ; 293 ; 8992 ; 24000
2000 ; 1000 ; 765 ; 310 ; 8693 ; 24000
2500 ; 1000 ; 804 ; 307 ; 9033 ; 24000
2000 ; 1000 ; 781 ; 308 ; 8729 ; 24000
2500 ; 1000 ; 824 ; 286 ; 8889 ; 24000
2000 ; 1000 ; 791 ; 293 ; 8707 ; 24000
2000 ; 1000 ; 778 ; 284 ; 8755 ; 24000
2500 ; 1000 ; 815 ; 294 ; 8989 ; 24000
2000 ; 1000 ; 783 ; 306 ; 8657 ; 24000
2500 ; 1000 ; 775 ; 294 ; 8783 ; 24000
800 ; 1000 ; 719 ; 312 ; 7707 ; 24000
2500 ; 1000 ; 796 ; 321 ; 8779 ; 24000
800 ; 1000 ; 743 ; 317 ; 7697 ; 24000
2500 ; 1000 ; 814 ; 304 ; 9017 ; 24000
800 ; 1000 ; 713 ; 297 ; 7542 ; 24000
800 ; 1000 ; 672 ; 306 ; 7388 ; 24000
2200 ; 1000 ; 785 ; 294 ; 8844 ; 24000
800 ; 1000 ; 730 ; 314 ; 7547 ; 24000
2200 ; 1000 ; 801 ; 304 ; 8908 ; 24000
800 ; 1000 ; 723 ; 300 ; 7546 ; 24000
2200 ; 1000 ; 780 ; 310 ; 8827 ; 24000
800 ; 1000 ; 704 ; 333 ; 7400 ; 24000
800 ; 1000 ; 685 ; 297 ; 7429 ; 24000
2200 ; 1000 ; 786 ; 302 ; 8956 ; 24000
800 ; 1000 ; 726 ; 301 ; 7627 ; 24000
2200 ; 1000 ; 804 ; 308 ; 8911 ; 24000
800 ; 1000 ; 723 ; 306 ; 7525 ; 24000
1600 ; 1000 ; 734 ; 303 ; 7381 ; 24000
2200 ; 1000 ; 794 ; 301 ; 8955 ; 24000
1000 ; 1000 ; 730 ; 313 ; 7767 ; 24000
1600 ; 1000 ; 692 ; 304 ; 7168 ; 24000
1000 ; 1000 ; 724 ; 330 ; 7720 ; 24000
2200 ; 1000 ; 791 ; 311 ; 8788 ; 24000
1600 ; 1000 ; 715 ; 314 ; 7211 ; 24000
1000 ; 1000 ; 743 ; 316 ; 7931 ; 24000
2200 ; 1000 ; 803 ; 302 ; 9021 ; 24000
1000 ; 1000 ; 767 ; 313 ; 7965 ; 24000
1600 ; 1000 ; 691 ; 314 ; 7155 ; 24000
2200 ; 1000 ; 814 ; 327 ; 8973 ; 24000
1000 ; 1000 ; 707 ; 310 ; 7727 ; 24000
1600 ; 1000 ; 710 ; 296 ; 7232 ; 24000
2200 ; 1000 ; 801 ; 292 ; 8902 ; 24000
1000 ; 1000 ; 755 ; 303 ; 7923 ; 24000
1600 ; 1000 ; 716 ; 302 ; 7192 ; 24000
1000 ; 1000 ; 733 ; 339 ; 7902 ; 24000
2600 ; 1000 ; 795 ; 302 ; 8905 ; 24000
1000 ; 1000 ; 705 ; 301 ; 7786 ; 24000
1600 ; 1000 ; 704 ; 275 ; 7215 ; 24000
2600 ; 1000 ; 814 ; 280 ; 9054 ; 24000
1000 ; 1000 ; 744 ; 304 ; 7982 ; 24000
1600 ; 1000 ; 714 ; 301 ; 7178 ; 24000
2600 ; 1000 ; 818 ; 307 ; 9067 ; 24000
1000 ; 1000 ; 732 ; 282 ; 7822 ; 24000
1600 ; 1000 ; 715 ; 320 ; 7242 ; 24000
1400 ; 1000 ; 755 ; 318 ; 8193 ; 24000
2600 ; 1000 ; 846 ; 310 ; 9110 ; 24000
1400 ; 1000 ; 768 ; 311 ; 8295 ; 24000
1600 ; 1000 ; 710 ; 317 ; 7150 ; 24000
2600 ; 1000 ; 800 ; 282 ; 8937 ; 24000
1400 ; 1000 ; 770 ; 299 ; 8255 ; 24000
3000 ; 1000 ; 750 ; 301 ; 7944 ; 24000
2600 ; 1000 ; 786 ; 285 ; 9001 ; 24000
1400 ; 1000 ; 779 ; 292 ; 8343 ; 24000
3000 ; 1000 ; 750 ; 304 ; 7993 ; 24000
1400 ; 1000 ; 777 ; 306 ; 8277 ; 24000
2600 ; 1000 ; 816 ; 285 ; 8999 ; 24000
1400 ; 1000 ; 753 ; 318 ; 8199 ; 24000
3000 ; 1000 ; 775 ; 286 ; 8053 ; 24000
2600 ; 1000 ; 809 ; 307 ; 8992 ; 24000
1400 ; 1000 ; 762 ; 287 ; 8309 ; 24000
3000 ; 1000 ; 719 ; 305 ; 7913 ; 24000
2600 ; 1000 ; 790 ; 313 ; 8947 ; 24000
1400 ; 1000 ; 751 ; 293 ; 8165 ; 24000
3000 ; 1000 ; 726 ; 312 ; 7887 ; 24000
2600 ; 1000 ; 798 ; 327 ; 9050 ; 24000
1400 ; 1000 ; 776 ; 308 ; 8234 ; 24000
1400 ; 1000 ; 762 ; 291 ; 8287 ; 24000
3000 ; 1000 ; 741 ; 343 ; 7910 ; 24000
300 ; 1000 ; 655 ; 318 ; 6488 ; 24000
1100 ; 1000 ; 723 ; 313 ; 7813 ; 24000
3000 ; 1000 ; 758 ; 293 ; 7992 ; 24000
300 ; 1000 ; 677 ; 280 ; 6420 ; 24000
1100 ; 1000 ; 774 ; 297 ; 8030 ; 24000
3000 ; 1000 ; 780 ; 308 ; 8064 ; 24000
300 ; 1000 ; 706 ; 286 ; 6554 ; 24000
1100 ; 1000 ; 756 ; 288 ; 8017 ; 24000
3000 ; 1000 ; 776 ; 341 ; 8171 ; 24000
1100 ; 1000 ; 747 ; 299 ; 8046 ; 24000
300 ; 1000 ; 684 ; 291 ; 6549 ; 24000
1100 ; 1000 ; 758 ; 302 ; 7912 ; 24000
3000 ; 1000 ; 749 ; 315 ; 7997 ; 24000
300 ; 1000 ; 731 ; 297 ; 6609 ; 24000
1100 ; 1000 ; 757 ; 318 ; 7850 ; 24000
2500 ; 1000 ; 712 ; 298 ; 7478 ; 24000
300 ; 1000 ; 695 ; 294 ; 6539 ; 24000
1100 ; 1000 ; 741 ; 271 ; 7986 ; 24000
1100 ; 1000 ; 757 ; 301 ; 8026 ; 24000
2500 ; 1000 ; 756 ; 310 ; 7684 ; 24000
300 ; 1000 ; 682 ; 296 ; 6600 ; 24000
1100 ; 1000 ; 751 ; 315 ; 8024 ; 24000
2500 ; 1000 ; 732 ; 310 ; 7482 ; 24000
300 ; 1000 ; 694 ; 291 ; 6741 ; 24000
1100 ; 1000 ; 736 ; 326 ; 7904 ; 24000
2500 ; 1000 ; 752 ; 297 ; 7632 ; 24000
300 ; 1000 ; 682 ; 304 ; 6532 ; 24000
400 ; 1000 ; 696 ; 313 ; 6793 ; 24000
2500 ; 1000 ; 741 ; 297 ; 7596 ; 24000
400 ; 1000 ; 698 ; 302 ; 6756 ; 24000
300 ; 1000 ; 703 ; 307 ; 6698 ; 24000
400 ; 1000 ; 691 ; 296 ; 6847 ; 24000
2500 ; 1000 ; 718 ; 300 ; 7520 ; 24000
900 ; 1000 ; 730 ; 309 ; 7733 ; 24000
400 ; 1000 ; 707 ; 297 ; 6881 ; 24000
2500 ; 1000 ; 734 ; 298 ; 7540 ; 24000
900 ; 1000 ; 730 ; 307 ; 7727 ; 24000
400 ; 1000 ; 680 ; 316 ; 6775 ; 24000
2500 ; 1000 ; 767 ; 302 ; 7623 ; 24000
900 ; 1000 ; 708 ; 327 ; 7738 ; 24000
400 ; 1000 ; 696 ; 291 ; 6820 ; 24000
2500 ; 1000 ; 727 ; 316 ; 7440 ; 24000
900 ; 1000 ; 727 ; 303 ; 7691 ; 24000
400 ; 1000 ; 714 ; 293 ; 6781 ; 24000
2500 ; 1000 ; 740 ; 327 ; 7707 ; 24000
400 ; 1000 ; 703 ; 299 ; 6825 ; 24000
900 ; 1000 ; 734 ; 318 ; 7862 ; 24000
2200 ; 1000 ; 748 ; 301 ; 7625 ; 24000
400 ; 1000 ; 678 ; 292 ; 6722 ; 24000
900 ; 1000 ; 745 ; 326 ; 7624 ; 24000
400 ; 1000 ; 696 ; 305 ; 6832 ; 24000
2200 ; 1000 ; 730 ; 296 ; 7535 ; 24000
900 ; 1000 ; 724 ; 279 ; 7767 ; 24000
600 ; 1000 ; 713 ; 307 ; 7194 ; 24000
2200 ; 1000 ; 734 ; 302 ; 7562 ; 24000
900 ; 1000 ; 766 ; 298 ; 7910 ; 24000
600 ; 1000 ; 692 ; 314 ; 7129 ; 24000
2200 ; 1000 ; 729 ; 312 ; 7599 ; 24000
900 ; 1000 ; 722 ; 303 ; 7833 ; 24000
600 ; 1000 ; 697 ; 302 ; 7228 ; 24000
2200 ; 1000 ; 728 ; 277 ; 7541 ; 24000
900 ; 1000 ; 763 ; 299 ; 7851 ; 24000
600 ; 1000 ; 706 ; 307 ; 7279 ; 24000
2200 ; 1000 ; 708 ; 315 ; 7428 ; 24000
1100 ; 1000 ; 763 ; 308 ; 8139 ; 24000
600 ; 1000 ; 702 ; 317 ; 7123 ; 24000
2200 ; 1000 ; 734 ; 315 ; 7627 ; 24000
1100 ; 1000 ; 792 ; 291 ; 8308 ; 24000
600 ; 1000 ; 705 ; 283 ; 7289 ; 24000
2200 ; 1000 ; 726 ; 301 ; 7551 ; 24000
600 ; 1000 ; 710 ; 320 ; 7176 ; 24000
1100 ; 1000 ; 762 ; 303 ; 8064 ; 24000
2200 ; 1000 ; 740 ; 297 ; 7583 ; 24000
600 ; 1000 ; 697 ; 313 ; 7183 ; 24000
1100 ; 1000 ; 755 ; 298 ; 8056 ; 24000
600 ; 1000 ; 694 ; 317 ; 7195 ; 24000
2200 ; 1000 ; 739 ; 316 ; 7635 ; 24000
1100 ; 1000 ; 746 ; 320 ; 8021 ; 24000
600 ; 1000 ; 717 ; 282 ; 7232 ; 24000
2600 ; 1000 ; 715 ; 273 ; 7509 ; 24000
1100 ; 1000 ; 770 ; 304 ; 8139 ; 24000
500 ; 1000 ; 695 ; 292 ; 6942 ; 24000
2600 ; 1000 ; 754 ; 299 ; 7677 ; 24000
1100 ; 1000 ; 758 ; 299 ; 8022 ; 24000
500 ; 1000 ; 688 ; 285 ; 7031 ; 24000
2600 ; 1000 ; 724 ; 298 ; 7498 ; 24000
1100 ; 1000 ; 741 ; 302 ; 7879 ; 24000
500 ; 1000 ; 686 ; 322 ; 6921 ; 24000
2600 ; 1000 ; 719 ; 296 ; 7589 ; 24000
1100 ; 1000 ; 757 ; 318 ; 8036 ; 24000
500 ; 1000 ; 695 ; 331 ; 7021 ; 24000
2600 ; 1000 ; 739 ; 299 ; 7562 ; 24000
1100 ; 1000 ; 754 ; 285 ; 7992 ; 24000
500 ; 1000 ; 666 ; 299 ; 6841 ; 24000
2600 ; 1000 ; 736 ; 316 ; 7661 ; 24000
2200 ; 1000 ; 786 ; 342 ; 8738 ; 24000
500 ; 1000 ; 690 ; 310 ; 6995 ; 24000
2600 ; 1000 ; 722 ; 303 ; 7533 ; 24000
500 ; 1000 ; 711 ; 301 ; 7029 ; 24000
2200 ; 1000 ; 812 ; 305 ; 8922 ; 24000
2600 ; 1000 ; 756 ; 290 ; 7605 ; 24000
500 ; 1000 ; 679 ; 296 ; 6912 ; 24000
2200 ; 1000 ; 807 ; 290 ; 8960 ; 24000
500 ; 1000 ; 681 ; 289 ; 7036 ; 24000
2600 ; 1000 ; 736 ; 307 ; 7551 ; 24000
2200 ; 1000 ; 790 ; 293 ; 8748 ; 24000
500 ; 1000 ; 678 ; 309 ; 6897 ; 24000
2600 ; 1000 ; 745 ; 294 ; 7663 ; 24000
2200 ; 1000 ; 793 ; 318 ; 8764 ; 24000
900 ; 1000 ; 730 ; 266 ; 7714 ; 24000
300 ; 1000 ; 619 ; 290 ; 5608 ; 24000
2200 ; 1000 ; 796 ; 298 ; 8814 ; 24000
900 ; 1000 ; 721 ; 306 ; 7608 ; 24000
300 ; 1000 ; 608 ; 293 ; 5608 ; 24000
2200 ; 1000 ; 802 ; 301 ; 8752 ; 24000
900 ; 1000 ; 729 ; 312 ; 7639 ; 24000
300 ; 1000 ; 652 ; 287 ; 5659 ; 24000
2200 ; 1000 ; 795 ; 320 ; 8860 ; 24000
900 ; 1000 ; 718 ; 306 ; 7714 ; 24000
300 ; 1000 ; 644 ; 304 ; 5626 ; 24000
2200 ; 1000 ; 791 ; 321 ; 8885 ; 24000
900 ; 1000 ; 738 ; 306 ; 7725 ; 24000
300 ; 1000 ; 634 ; 304 ; 5623 ; 24000
2200 ; 1000 ; 807 ; 282 ; 8781 ; 24000
900 ; 1000 ; 704 ; 311 ; 7709 ; 24000
300 ; 1000 ; 639 ; 292 ; 5580 ; 24000
3200 ; 1000 ; 809 ; 303 ; 9197 ; 24000
900 ; 1000 ; 695 ; 308 ; 7562 ; 24000
900 ; 1000 ; 703 ; 307 ; 7626 ; 24000
3200 ; 1000 ; 789 ; 285 ; 9133 ; 24000
300 ; 1000 ; 650 ; 305 ; 5741 ; 24000
900 ; 1000 ; 726 ; 277 ; 7675 ; 24000
3200 ; 1000 ; 817 ; 305 ; 9240 ; 24000
300 ; 1000 ; 639 ; 318 ; 5602 ; 24000
900 ; 1000 ; 724 ; 320 ; 7584 ; 24000
3200 ; 1000 ; 818 ; 291 ; 9299 ; 24000
300 ; 1000 ; 627 ; 307 ; 5596 ; 24000
200 ; 1000 ; 650 ; 288 ; 5911 ; 24000
3200 ; 1000 ; 801 ; 314 ; 9109 ; 24000
300 ; 1000 ; 644 ; 287 ; 5673 ; 24000
200 ; 1000 ; 650 ; 319 ; 5908 ; 24000
3200 ; 1000 ; 826 ; 300 ; 9203 ; 24000
900 ; 1000 ; 698 ; 298 ; 6860 ; 24000
200 ; 1000 ; 680 ; 332 ; 6009 ; 24000
3200 ; 1000 ; 791 ; 291 ; 9109 ; 24000
900 ; 1000 ; 692 ; 333 ; 6887 ; 24000
200 ; 1000 ; 656 ; 300 ; 5950 ; 24000
3200 ; 1000 ; 810 ; 331 ; 9140 ; 24000
900 ; 1000 ; 671 ; 330 ; 6708 ; 24000
200 ; 1000 ; 672 ; 297 ; 5993 ; 24000
3200 ; 1000 ; 790 ; 327 ; 9193 ; 24000
200 ; 1000 ; 651 ; 311 ; 5968 ; 24000
900 ; 1000 ; 666 ; 295 ; 6710 ; 24000
3200 ; 1000 ; 819 ; 306 ; 9269 ; 24000
200 ; 1000 ; 658 ; 300 ; 6068 ; 24000
900 ; 1000 ; 671 ; 316 ; 6673 ; 24000
200 ; 1000 ; 660 ; 287 ; 5809 ; 24000
500 ; 1000 ; 710 ; 307 ; 7102 ; 24000
900 ; 1000 ; 667 ; 272 ; 6848 ; 24000
200 ; 1000 ; 687 ; 309 ; 6055 ; 24000
500 ; 1000 ; 720 ; 314 ; 7002 ; 24000
900 ; 1000 ; 688 ; 308 ; 6709 ; 24000
200 ; 1000 ; 663 ; 297 ; 5945 ; 24000
500 ; 1000 ; 714 ; 277 ; 7146 ; 24000
900 ; 1000 ; 704 ; 325 ; 6897 ; 24000
800 ; 1000 ; 746 ; 303 ; 7774 ; 24000
500 ; 1000 ; 723 ; 290 ; 7130 ; 24000
900 ; 1000 ; 677 ; 297 ; 6683 ; 24000
800 ; 1000 ; 721 ; 288 ; 7453 ; 24000
500 ; 1000 ; 709 ; 305 ; 7126 ; 24000
900 ; 1000 ; 683 ; 310 ; 6851 ; 24000
800 ; 1000 ; 729 ; 285 ; 7632 ; 24000
500 ; 1000 ; 730 ; 310 ; 7107 ; 24000
1100 ; 1000 ; 703 ; 322 ; 6849 ; 24000
800 ; 1000 ; 698 ; 290 ; 7404 ; 24000
500 ; 1000 ; 722 ; 280 ; 7118 ; 24000
800 ; 1000 ; 714 ; 309 ; 7584 ; 24000
1100 ; 1000 ; 699 ; 318 ; 6937 ; 24000
800 ; 1000 ; 709 ; 305 ; 7529 ; 24000
500 ; 1000 ; 692 ; 298 ; 7025 ; 24000
1100 ; 1000 ; 706 ; 326 ; 6825 ; 24000
800 ; 1000 ; 701 ; 307 ; 7478 ; 24000
500 ; 1000 ; 717 ; 298 ; 7197 ; 24000
1100 ; 1000 ; 710 ; 309 ; 6913 ; 24000
800 ; 1000 ; 702 ; 310 ; 7516 ; 24000
500 ; 1000 ; 694 ; 306 ; 6969 ; 24000
1100 ; 1000 ; 717 ; 320 ; 6929 ; 24000
800 ; 1000 ; 708 ; 312 ; 7561 ; 24000
1000 ; 1000 ; 758 ; 329 ; 7960 ; 24000
1100 ; 1000 ; 714 ; 306 ; 6959 ; 24000
800 ; 1000 ; 737 ; 329 ; 7568 ; 24000
1000 ; 1000 ; 724 ; 287 ; 7851 ; 24000
1100 ; 1000 ; 677 ; 322 ; 6846 ; 24000
100 ; 1000 ; 616 ; 294 ; 4923 ; 24000
1000 ; 1000 ; 783 ; 313 ; 8047 ; 24000
1100 ; 1000 ; 669 ; 295 ; 6817 ; 24000
100 ; 1000 ; 558 ; 307 ; 4657 ; 24000
1000 ; 1000 ; 739 ; 290 ; 7980 ; 24000
1100 ; 1000 ; 687 ; 292 ; 6813 ; 24000
100 ; 1000 ; 589 ; 301 ; 4826 ; 24000
1000 ; 1000 ; 744 ; 318 ; 7784 ; 24000
100 ; 1000 ; 581 ; 291 ; 4817 ; 24000
1100 ; 1000 ; 689 ; 319 ; 6785 ; 24000
1000 ; 1000 ; 743 ; 293 ; 7867 ; 24000
100 ; 1000 ; 581 ; 290 ; 4746 ; 24000
2200 ; 1000 ; 716 ; 282 ; 7461 ; 24000
100 ; 1000 ; 584 ; 300 ; 4824 ; 24000
1000 ; 1000 ; 740 ; 311 ; 7919 ; 24000
2200 ; 1000 ; 737 ; 308 ; 7440 ; 24000
100 ; 1000 ; 581 ; 286 ; 4890 ; 24000
1000 ; 1000 ; 752 ; 301 ; 7978 ; 24000
2200 ; 1000 ; 733 ; 314 ; 7450 ; 24000
100 ; 1000 ; 614 ; 299 ; 4910 ; 24000
1000 ; 1000 ; 764 ; 294 ; 8015 ; 24000
2200 ; 1000 ; 738 ; 302 ; 7546 ; 24000
100 ; 1000 ; 565 ; 284 ; 4616 ; 24000
1000 ; 1000 ; 744 ; 315 ; 7983 ; 24000
2200 ; 1000 ; 702 ; 300 ; 7390 ; 24000
100 ; 1000 ; 592 ; 294 ; 4676 ; 24000
2400 ; 1000 ; 823 ; 286 ; 9237 ; 24000
2200 ; 1000 ; 719 ; 327 ; 7339 ; 24000
1100 ; 1000 ; 740 ; 319 ; 7950 ; 24000
2400 ; 1000 ; 827 ; 297 ; 9240 ; 24000
2200 ; 1000 ; 720 ; 333 ; 7371 ; 24000
1100 ; 1000 ; 737 ; 298 ; 7921 ; 24000
2400 ; 1000 ; 825 ; 271 ; 9303 ; 24000
2200 ; 1000 ; 717 ; 295 ; 7399 ; 24000
1100 ; 1000 ; 737 ; 310 ; 8090 ; 24000
2400 ; 1000 ; 809 ; 313 ; 9233 ; 24000
1100 ; 1000 ; 748 ; 291 ; 7980 ; 24000
2200 ; 1000 ; 735 ; 310 ; 7537 ; 24000
2400 ; 1000 ; 813 ; 308 ; 9130 ; 24000
1100 ; 1000 ; 735 ; 298 ; 7880 ; 24000
2200 ; 1000 ; 704 ; 279 ; 7338 ; 24000
1100 ; 1000 ; 748 ; 313 ; 8056 ; 24000
2400 ; 1000 ; 787 ; 298 ; 9073 ; 24000
3200 ; 1000 ; 761 ; 321 ; 7786 ; 24000
1100 ; 1000 ; 766 ; 313 ; 8018 ; 24000
2400 ; 1000 ; 805 ; 282 ; 9152 ; 24000
3200 ; 1000 ; 743 ; 291 ; 7808 ; 24000
1100 ; 1000 ; 742 ; 324 ; 7999 ; 24000
2400 ; 1000 ; 831 ; 313 ; 9242 ; 24000
3200 ; 1000 ; 731 ; 299 ; 7744 ; 24000
1100 ; 1000 ; 755 ; 325 ; 8014 ; 24000
2400 ; 1000 ; 826 ; 315 ; 9161 ; 24000
3200 ; 1000 ; 765 ; 305 ; 7773 ; 24000
1100 ; 1000 ; 745 ; 282 ; 8036 ; 24000
2400 ; 1000 ; 793 ; 294 ; 9175 ; 24000
3200 ; 1000 ; 715 ; 305 ; 7639 ; 24000
600 ; 1000 ; 720 ; 326 ; 7365 ; 24000
2600 ; 1000 ; 823 ; 292 ; 9269 ; 24000
600 ; 1000 ; 703 ; 334 ; 7207 ; 24000
3200 ; 1000 ; 737 ; 309 ; 7743 ; 24000
2600 ; 1000 ; 822 ; 316 ; 9280 ; 24000
600 ; 1000 ; 710 ; 300 ; 7209 ; 24000
3200 ; 1000 ; 743 ; 285 ; 7681 ; 24000
2600 ; 1000 ; 795 ; 298 ; 9141 ; 24000
600 ; 1000 ; 701 ; 301 ; 7223 ; 24000
3200 ; 1000 ; 736 ; 299 ; 7714 ; 24000
2600 ; 1000 ; 814 ; 304 ; 9303 ; 24000
600 ; 1000 ; 724 ; 305 ; 7386 ; 24000
3200 ; 1000 ; 736 ; 303 ; 7670 ; 24000
600 ; 1000 ; 727 ; 294 ; 7291 ; 24000
2600 ; 1000 ; 823 ; 287 ; 9296 ; 24000
3200 ; 1000 ; 754 ; 302 ; 7731 ; 24000
600 ; 1000 ; 721 ; 317 ; 7293 ; 24000
2600 ; 1000 ; 801 ; 283 ; 9147 ; 24000
500 ; 1000 ; 639 ; 298 ; 6138 ; 24000
600 ; 1000 ; 716 ; 303 ; 7312 ; 24000
2600 ; 1000 ; 821 ; 290 ; 9193 ; 24000
500 ; 1000 ; 671 ; 310 ; 6079 ; 24000
600 ; 1000 ; 712 ; 311 ; 7195 ; 24000
2600 ; 1000 ; 801 ; 288 ; 9299 ; 24000
500 ; 1000 ; 663 ; 322 ; 6197 ; 24000
600 ; 1000 ; 734 ; 328 ; 7327 ; 24000
2600 ; 1000 ; 814 ; 301 ; 9347 ; 24000
500 ; 1000 ; 630 ; 299 ; 6099 ; 24000
2600 ; 1000 ; 811 ; 313 ; 9254 ; 24000
500 ; 1000 ; 632 ; 298 ; 6185 ; 24000
2300 ; 1000 ; 803 ; 304 ; 8964 ; 24000
500 ; 1000 ; 638 ; 312 ; 6108 ; 24000
2300 ; 1000 ; 802 ; 303 ; 9010 ; 24000
500 ; 1000 ; 635 ; 299 ; 6221 ; 24000
2300 ; 1000 ; 805 ; 303 ; 9040 ; 24000
500 ; 1000 ; 635 ; 292 ; 6121 ; 24000
2300 ; 1000 ; 784 ; 318 ; 8901 ; 24000
500 ; 1000 ; 647 ; 310 ; 6080 ; 24000
2300 ; 1000 ; 770 ; 319 ; 8908 ; 24000
500 ; 1000 ; 629 ; 321 ; 6081 ; 24000
2300 ; 1000 ; 792 ; 291 ; 9031 ; 24000
1000 ; 1000 ; 709 ; 309 ; 6892 ; 24000
2300 ; 1000 ; 773 ; 303 ; 8825 ; 24000
1000 ; 1000 ; 677 ; 319 ; 6792 ; 24000
2300 ; 1000 ; 826 ; 320 ; 9043 ; 24000
1000 ; 1000 ; 700 ; 317 ; 6935 ; 24000
2300 ; 1000 ; 787 ; 282 ; 9033 ; 24000
1000 ; 1000 ; 702 ; 313 ; 6829 ; 24000
2300 ; 1000 ; 804 ; 300 ; 9025 ; 24000
1000 ; 1000 ; 688 ; 287 ; 6790 ; 24000
500 ; 1000 ; 692 ; 338 ; 6961 ; 24000
1000 ; 1000 ; 684 ; 314 ; 6696 ; 24000
500 ; 1000 ; 723 ; 305 ; 7350 ; 24000
1000 ; 1000 ; 672 ; 296 ; 6608 ; 24000
500 ; 1000 ; 716 ; 312 ; 7076 ; 24000
1000 ; 1000 ; 673 ; 321 ; 6666 ; 24000
500 ; 1000 ; 721 ; 315 ; 7329 ; 24000
1000 ; 1000 ; 668 ; 292 ; 6701 ; 24000
500 ; 1000 ; 692 ; 344 ; 7073 ; 24000
1000 ; 1000 ; 677 ; 318 ; 6861 ; 24000
500 ; 1000 ; 714 ; 307 ; 7268 ; 24000
2400 ; 1000 ; 731 ; 307 ; 7807 ; 24000
500 ; 1000 ; 704 ; 302 ; 7093 ; 24000
2400 ; 1000 ; 743 ; 306 ; 7792 ; 24000
500 ; 1000 ; 693 ; 326 ; 7044 ; 24000
2400 ; 1000 ; 731 ; 313 ; 7751 ; 24000
500 ; 1000 ; 693 ; 296 ; 7107 ; 24000
2400 ; 1000 ; 736 ; 310 ; 7805 ; 24000
500 ; 1000 ; 682 ; 289 ; 6982 ; 24000
2400 ; 1000 ; 707 ; 265 ; 7669 ; 24000
2700 ; 1000 ; 822 ; 307 ; 9094 ; 24000
2400 ; 1000 ; 725 ; 301 ; 7780 ; 24000
2700 ; 1000 ; 820 ; 308 ; 8984 ; 24000
2400 ; 1000 ; 747 ; 302 ; 7834 ; 24000
2700 ; 1000 ; 808 ; 277 ; 9044 ; 24000
2400 ; 1000 ; 721 ; 284 ; 7769 ; 24000
2700 ; 1000 ; 817 ; 319 ; 9082 ; 24000
2400 ; 1000 ; 734 ; 304 ; 7802 ; 24000
2700 ; 1000 ; 818 ; 309 ; 9138 ; 24000
2400 ; 1000 ; 728 ; 313 ; 7793 ; 24000
2700 ; 1000 ; 802 ; 299 ; 8960 ; 24000
2600 ; 1000 ; 757 ; 315 ; 7891 ; 24000
2700 ; 1000 ; 820 ; 302 ; 9125 ; 24000
2600 ; 1000 ; 725 ; 282 ; 7761 ; 24000
2700 ; 1000 ; 799 ; 308 ; 8946 ; 24000
2600 ; 1000 ; 725 ; 330 ; 7851 ; 24000
2700 ; 1000 ; 824 ; 289 ; 9055 ; 24000
2600 ; 1000 ; 761 ; 299 ; 7857 ; 24000
2700 ; 1000 ; 804 ; 292 ; 9047 ; 24000
2600 ; 1000 ; 744 ; 317 ; 7867 ; 24000
100 ; 1000 ; 562 ; 297 ; 4750 ; 24000
2600 ; 1000 ; 749 ; 312 ; 7812 ; 24000
100 ; 1000 ; 598 ; 312 ; 4943 ; 24000
2600 ; 1000 ; 761 ; 311 ; 7877 ; 24000
100 ; 1000 ; 586 ; 291 ; 4871 ; 24000
2600 ; 1000 ; 747 ; 312 ; 7770 ; 24000
100 ; 1000 ; 600 ; 311 ; 4890 ; 24000
2600 ; 1000 ; 741 ; 318 ; 7855 ; 24000
100 ; 1000 ; 574 ; 309 ; 4864 ; 24000
2600 ; 1000 ; 731 ; 292 ; 7732 ; 24000
100 ; 1000 ; 579 ; 298 ; 4889 ; 24000
2300 ; 1000 ; 754 ; 298 ; 7692 ; 24000
100 ; 1000 ; 574 ; 302 ; 4793 ; 24000
2300 ; 1000 ; 728 ; 326 ; 7669 ; 24000
100 ; 1000 ; 594 ; 295 ; 4979 ; 24000
2300 ; 1000 ; 735 ; 308 ; 7607 ; 24000
100 ; 1000 ; 586 ; 311 ; 4859 ; 24000
2300 ; 1000 ; 746 ; 292 ; 7676 ; 24000
100 ; 1000 ; 561 ; 302 ; 4846 ; 24000
2300 ; 1000 ; 731 ; 317 ; 7609 ; 24000
2800 ; 1000 ; 813 ; 281 ; 9297 ; 24000
2300 ; 1000 ; 720 ; 321 ; 7555 ; 24000
2800 ; 1000 ; 824 ; 330 ; 9306 ; 24000
2300 ; 1000 ; 732 ; 328 ; 7598 ; 24000
2800 ; 1000 ; 812 ; 296 ; 9337 ; 24000
2300 ; 1000 ; 762 ; 274 ; 7713 ; 24000
2800 ; 1000 ; 806 ; 312 ; 9322 ; 24000
2300 ; 1000 ; 743 ; 300 ; 7785 ; 24000
2800 ; 1000 ; 818 ; 317 ; 9217 ; 24000
2300 ; 1000 ; 729 ; 300 ; 7600 ; 24000
2800 ; 1000 ; 832 ; 309 ; 9325 ; 24000
500 ; 1000 ; 641 ; 303 ; 6196 ; 24000
2800 ; 1000 ; 818 ; 303 ; 9275 ; 24000
500 ; 1000 ; 625 ; 315 ; 6059 ; 24000
2800 ; 1000 ; 816 ; 321 ; 9240 ; 24000
500 ; 1000 ; 628 ; 320 ; 6089 ; 24000
2800 ; 1000 ; 814 ; 299 ; 9212 ; 24000
500 ; 1000 ; 633 ; 275 ; 6058 ; 24000
2800 ; 1000 ; 804 ; 301 ; 9256 ; 24000
500 ; 1000 ; 626 ; 299 ; 6140 ; 24000
2700 ; 1000 ; 815 ; 312 ; 9265 ; 24000
500 ; 1000 ; 641 ; 300 ; 6232 ; 24000
2700 ; 1000 ; 807 ; 277 ; 9408 ; 24000
500 ; 1000 ; 643 ; 315 ; 6212 ; 24000
2700 ; 1000 ; 820 ; 310 ; 9385 ; 24000
2700 ; 1000 ; 812 ; 312 ; 9314 ; 24000
500 ; 1000 ; 620 ; 300 ; 6072 ; 24000
2700 ; 1000 ; 821 ; 307 ; 9440 ; 24000
500 ; 1000 ; 646 ; 302 ; 6127 ; 24000
2700 ; 1000 ; 817 ; 306 ; 9378 ; 24000
500 ; 1000 ; 651 ; 279 ; 6261 ; 24000
2700 ; 1000 ; 826 ; 331 ; 9298 ; 24000
2700 ; 1000 ; 715 ; 310 ; 7579 ; 24000
2700 ; 1000 ; 811 ; 295 ; 9245 ; 24000
2700 ; 1000 ; 730 ; 271 ; 7695 ; 24000
2700 ; 1000 ; 823 ; 283 ; 9358 ; 24000
2700 ; 1000 ; 741 ; 283 ; 7587 ; 24000
2700 ; 1000 ; 817 ; 292 ; 9347 ; 24000
2700 ; 1000 ; 738 ; 289 ; 7552 ; 24000
1600 ; 1000 ; 815 ; 320 ; 8693 ; 24000
2700 ; 1000 ; 718 ; 309 ; 7567 ; 24000
1600 ; 1000 ; 782 ; 296 ; 8518 ; 24000
2700 ; 1000 ; 749 ; 302 ; 7766 ; 24000
1600 ; 1000 ; 790 ; 313 ; 8518 ; 24000
2700 ; 1000 ; 735 ; 287 ; 7623 ; 24000
1600 ; 1000 ; 801 ; 285 ; 8592 ; 24000
2700 ; 1000 ; 721 ; 294 ; 7591 ; 24000
1600 ; 1000 ; 799 ; 288 ; 8626 ; 24000
2700 ; 1000 ; 755 ; 294 ; 7685 ; 24000
1600 ; 1000 ; 762 ; 285 ; 8462 ; 24000
2700 ; 1000 ; 725 ; 323 ; 7586 ; 24000
1600 ; 1000 ; 807 ; 307 ; 8636 ; 24000
100 ; 1000 ; 562 ; 346 ; 4359 ; 24000
1600 ; 1000 ; 797 ; 309 ; 8630 ; 24000
100 ; 1000 ; 558 ; 318 ; 4236 ; 24000
1600 ; 1000 ; 793 ; 302 ; 8632 ; 24000
100 ; 1000 ; 541 ; 302 ; 4203 ; 24000
1600 ; 1000 ; 792 ; 281 ; 8638 ; 24000
100 ; 1000 ; 519 ; 312 ; 4172 ; 24000
200 ; 1000 ; 605 ; 309 ; 5736 ; 24000
100 ; 1000 ; 526 ; 298 ; 4212 ; 24000
200 ; 1000 ; 615 ; 331 ; 5590 ; 24000
100 ; 1000 ; 555 ; 303 ; 4260 ; 24000
200 ; 1000 ; 603 ; 306 ; 5598 ; 24000
100 ; 1000 ; 552 ; 300 ; 4247 ; 24000
200 ; 1000 ; 614 ; 289 ; 5782 ; 24000
100 ; 1000 ; 547 ; 321 ; 4368 ; 24000
200 ; 1000 ; 601 ; 292 ; 5609 ; 24000
100 ; 1000 ; 563 ; 309 ; 4304 ; 24000
200 ; 1000 ; 604 ; 268 ; 5719 ; 24000
100 ; 1000 ; 546 ; 317 ; 4292 ; 24000
200 ; 1000 ; 593 ; 269 ; 5615 ; 24000
2800 ; 1000 ; 745 ; 299 ; 7903 ; 24000
200 ; 1000 ; 634 ; 300 ; 5654 ; 24000
2800 ; 1000 ; 733 ; 279 ; 7941 ; 24000
200 ; 1000 ; 598 ; 287 ; 5651 ; 24000
2800 ; 1000 ; 731 ; 282 ; 7775 ; 24000
200 ; 1000 ; 638 ; 309 ; 5649 ; 24000
2800 ; 1000 ; 753 ; 339 ; 7940 ; 24000
700 ; 1000 ; 726 ; 330 ; 7431 ; 24000
2800 ; 1000 ; 736 ; 286 ; 7894 ; 24000
700 ; 1000 ; 735 ; 299 ; 7477 ; 24000
2800 ; 1000 ; 744 ; 307 ; 7985 ; 24000
700 ; 1000 ; 761 ; 306 ; 7556 ; 24000
2800 ; 1000 ; 737 ; 336 ; 7926 ; 24000
700 ; 1000 ; 723 ; 305 ; 7422 ; 24000
2800 ; 1000 ; 741 ; 304 ; 7942 ; 24000
700 ; 1000 ; 717 ; 295 ; 7377 ; 24000
2800 ; 1000 ; 726 ; 307 ; 7870 ; 24000
700 ; 1000 ; 719 ; 289 ; 7535 ; 24000
2800 ; 1000 ; 749 ; 286 ; 7967 ; 24000
700 ; 1000 ; 742 ; 303 ; 7594 ; 24000
2700 ; 1000 ; 754 ; 287 ; 8006 ; 24000
700 ; 1000 ; 712 ; 296 ; 7398 ; 24000
2700 ; 1000 ; 758 ; 325 ; 7930 ; 24000
700 ; 1000 ; 744 ; 284 ; 7416 ; 24000
2700 ; 1000 ; 747 ; 326 ; 7919 ; 24000
700 ; 1000 ; 737 ; 313 ; 7490 ; 24000
2700 ; 1000 ; 738 ; 338 ; 7913 ; 24000
500 ; 1000 ; 705 ; 322 ; 7262 ; 24000
2700 ; 1000 ; 764 ; 274 ; 7969 ; 24000
500 ; 1000 ; 686 ; 295 ; 7021 ; 24000
2700 ; 1000 ; 748 ; 294 ; 7840 ; 24000
500 ; 1000 ; 695 ; 317 ; 7118 ; 24000
2700 ; 1000 ; 760 ; 307 ; 7952 ; 24000
500 ; 1000 ; 701 ; 297 ; 7134 ; 24000
2700 ; 1000 ; 741 ; 309 ; 7818 ; 24000
500 ; 1000 ; 690 ; 313 ; 7048 ; 24000
2700 ; 1000 ; 745 ; 307 ; 7869 ; 24000
500 ; 1000 ; 696 ; 307 ; 7093 ; 24000
2700 ; 1000 ; 722 ; 295 ; 7862 ; 24000
500 ; 1000 ; 711 ; 306 ; 7090 ; 24000
1600 ; 1000 ; 726 ; 307 ; 7328 ; 24000
500 ; 1000 ; 707 ; 289 ; 7019 ; 24000
1600 ; 1000 ; 726 ; 296 ; 7242 ; 24000
500 ; 1000 ; 734 ; 303 ; 7067 ; 24000
1600 ; 1000 ; 716 ; 324 ; 7226 ; 24000
500 ; 1000 ; 715 ; 307 ; 7134 ; 24000
1600 ; 1000 ; 721 ; 335 ; 7236 ; 24000
700 ; 1000 ; 757 ; 329 ; 7766 ; 24000
1600 ; 1000 ; 704 ; 317 ; 7108 ; 24000
700 ; 1000 ; 706 ; 298 ; 7557 ; 24000
1600 ; 1000 ; 729 ; 315 ; 7363 ; 24000
700 ; 1000 ; 755 ; 321 ; 7628 ; 24000
1600 ; 1000 ; 715 ; 309 ; 7362 ; 24000
700 ; 1000 ; 745 ; 319 ; 7718 ; 24000
1600 ; 1000 ; 749 ; 295 ; 7395 ; 24000
700 ; 1000 ; 767 ; 299 ; 7749 ; 24000
1600 ; 1000 ; 711 ; 306 ; 7190 ; 24000
700 ; 1000 ; 745 ; 293 ; 7684 ; 24000
1600 ; 1000 ; 709 ; 297 ; 7356 ; 24000
700 ; 1000 ; 736 ; 308 ; 7593 ; 24000
200 ; 1000 ; 554 ; 277 ; 4856 ; 24000
700 ; 1000 ; 743 ; 300 ; 7709 ; 24000
200 ; 1000 ; 547 ; 298 ; 4776 ; 24000
700 ; 1000 ; 733 ; 330 ; 7649 ; 24000
200 ; 1000 ; 550 ; 283 ; 4748 ; 24000
700 ; 1000 ; 744 ; 305 ; 7543 ; 24000
200 ; 1000 ; 561 ; 313 ; 4834 ; 24000
3200 ; 1000 ; 818 ; 312 ; 9353 ; 24000
200 ; 1000 ; 563 ; 335 ; 4794 ; 24000
3200 ; 1000 ; 802 ; 301 ; 9384 ; 24000
200 ; 1000 ; 561 ; 289 ; 4923 ; 24000
3200 ; 1000 ; 826 ; 308 ; 9588 ; 24000
200 ; 1000 ; 564 ; 320 ; 4918 ; 24000
3200 ; 1000 ; 814 ; 301 ; 9488 ; 24000
200 ; 1000 ; 549 ; 302 ; 4899 ; 24000
3200 ; 1000 ; 827 ; 281 ; 9446 ; 24000
200 ; 1000 ; 578 ; 298 ; 4853 ; 24000
3200 ; 1000 ; 812 ; 317 ; 9359 ; 24000
200 ; 1000 ; 550 ; 313 ; 4838 ; 24000
3200 ; 1000 ; 817 ; 307 ; 9471 ; 24000
700 ; 1000 ; 701 ; 305 ; 6529 ; 24000
3200 ; 1000 ; 816 ; 275 ; 9425 ; 24000
700 ; 1000 ; 667 ; 287 ; 6481 ; 24000
3200 ; 1000 ; 813 ; 296 ; 9425 ; 24000
700 ; 1000 ; 663 ; 310 ; 6389 ; 24000
3200 ; 1000 ; 821 ; 309 ; 9502 ; 24000
700 ; 1000 ; 659 ; 320 ; 6392 ; 24000
1500 ; 1000 ; 783 ; 287 ; 8520 ; 24000
700 ; 1000 ; 668 ; 299 ; 6400 ; 24000
1500 ; 1000 ; 772 ; 281 ; 8500 ; 24000
700 ; 1000 ; 679 ; 329 ; 6447 ; 24000
1500 ; 1000 ; 774 ; 283 ; 8483 ; 24000
700 ; 1000 ; 660 ; 285 ; 6398 ; 24000
1500 ; 1000 ; 781 ; 301 ; 8467 ; 24000
700 ; 1000 ; 644 ; 308 ; 6366 ; 24000
1500 ; 1000 ; 819 ; 288 ; 8714 ; 24000
700 ; 1000 ; 656 ; 301 ; 6340 ; 24000
1500 ; 1000 ; 777 ; 315 ; 8448 ; 24000
700 ; 1000 ; 681 ; 306 ; 6509 ; 24000
1500 ; 1000 ; 770 ; 297 ; 8520 ; 24000
500 ; 1000 ; 648 ; 301 ; 6160 ; 24000
1500 ; 1000 ; 772 ; 310 ; 8473 ; 24000
500 ; 1000 ; 647 ; 316 ; 6129 ; 24000
1500 ; 1000 ; 785 ; 266 ; 8532 ; 24000
500 ; 1000 ; 633 ; 312 ; 6065 ; 24000
1500 ; 1000 ; 780 ; 280 ; 8546 ; 24000
500 ; 1000 ; 670 ; 278 ; 6271 ; 24000
2800 ; 1000 ; 779 ; 293 ; 8935 ; 24000
500 ; 1000 ; 634 ; 309 ; 6005 ; 24000
2800 ; 1000 ; 825 ; 309 ; 9169 ; 24000
500 ; 1000 ; 635 ; 324 ; 6076 ; 24000
2800 ; 1000 ; 828 ; 295 ; 9088 ; 24000
500 ; 1000 ; 656 ; 296 ; 6230 ; 24000
2800 ; 1000 ; 824 ; 318 ; 9176 ; 24000
500 ; 1000 ; 646 ; 296 ; 6238 ; 24000
2800 ; 1000 ; 816 ; 282 ; 9146 ; 24000
500 ; 1000 ; 608 ; 313 ; 6125 ; 24000
2800 ; 1000 ; 806 ; 289 ; 9052 ; 24000
2800 ; 1000 ; 804 ; 275 ; 9121 ; 24000
500 ; 1000 ; 656 ; 306 ; 6141 ; 24000
2800 ; 1000 ; 808 ; 333 ; 9060 ; 24000
700 ; 1000 ; 654 ; 323 ; 6443 ; 24000
2800 ; 1000 ; 813 ; 320 ; 9100 ; 24000
700 ; 1000 ; 673 ; 321 ; 6575 ; 24000
2800 ; 1000 ; 824 ; 306 ; 9070 ; 24000
700 ; 1000 ; 675 ; 311 ; 6584 ; 24000
300 ; 1000 ; 673 ; 316 ; 6363 ; 24000
700 ; 1000 ; 679 ; 284 ; 6538 ; 24000
300 ; 1000 ; 644 ; 281 ; 6194 ; 24000
700 ; 1000 ; 637 ; 309 ; 6443 ; 24000
300 ; 1000 ; 659 ; 297 ; 6312 ; 24000
700 ; 1000 ; 664 ; 299 ; 6568 ; 24000
300 ; 1000 ; 669 ; 296 ; 6272 ; 24000
700 ; 1000 ; 677 ; 294 ; 6536 ; 24000
300 ; 1000 ; 671 ; 334 ; 6327 ; 24000
700 ; 1000 ; 669 ; 306 ; 6598 ; 24000
300 ; 1000 ; 681 ; 306 ; 6457 ; 24000
700 ; 1000 ; 681 ; 310 ; 6617 ; 24000
300 ; 1000 ; 648 ; 317 ; 6237 ; 24000
700 ; 1000 ; 668 ; 317 ; 6491 ; 24000
300 ; 1000 ; 642 ; 300 ; 6267 ; 24000
3200 ; 1000 ; 762 ; 307 ; 8054 ; 24000
300 ; 1000 ; 648 ; 313 ; 6249 ; 24000
3200 ; 1000 ; 733 ; 296 ; 8003 ; 24000
300 ; 1000 ; 672 ; 302 ; 6307 ; 24000
3200 ; 1000 ; 775 ; 303 ; 8195 ; 24000
1800 ; 1000 ; 780 ; 317 ; 8622 ; 24000
3200 ; 1000 ; 750 ; 319 ; 7966 ; 24000
1800 ; 1000 ; 790 ; 338 ; 8779 ; 24000
3200 ; 1000 ; 776 ; 308 ; 8105 ; 24000
1800 ; 1000 ; 788 ; 319 ; 8659 ; 24000
3200 ; 1000 ; 750 ; 287 ; 7959 ; 24000
1800 ; 1000 ; 789 ; 311 ; 8592 ; 24000
3200 ; 1000 ; 763 ; 296 ; 8048 ; 24000
1800 ; 1000 ; 793 ; 289 ; 8614 ; 24000
3200 ; 1000 ; 738 ; 306 ; 8021 ; 24000
1800 ; 1000 ; 756 ; 298 ; 8530 ; 24000
3200 ; 1000 ; 747 ; 306 ; 8019 ; 24000
1800 ; 1000 ; 777 ; 304 ; 8600 ; 24000
3200 ; 1000 ; 758 ; 293 ; 8135 ; 24000
1800 ; 1000 ; 783 ; 289 ; 8495 ; 24000
1500 ; 1000 ; 719 ; 291 ; 7306 ; 24000
1800 ; 1000 ; 802 ; 307 ; 8776 ; 24000
1500 ; 1000 ; 709 ; 292 ; 7231 ; 24000
1800 ; 1000 ; 789 ; 321 ; 8726 ; 24000
1500 ; 1000 ; 711 ; 295 ; 7245 ; 24000
700 ; 1000 ; 729 ; 315 ; 7425 ; 24000
1500 ; 1000 ; 697 ; 310 ; 7307 ; 24000
700 ; 1000 ; 728 ; 305 ; 7623 ; 24000
1500 ; 1000 ; 720 ; 302 ; 7356 ; 24000
700 ; 1000 ; 722 ; 303 ; 7662 ; 24000
1500 ; 1000 ; 689 ; 299 ; 7312 ; 24000
700 ; 1000 ; 718 ; 308 ; 7590 ; 24000
1500 ; 1000 ; 710 ; 296 ; 7341 ; 24000
700 ; 1000 ; 699 ; 284 ; 7469 ; 24000
1500 ; 1000 ; 704 ; 276 ; 7345 ; 24000
700 ; 1000 ; 724 ; 305 ; 7503 ; 24000
1500 ; 1000 ; 713 ; 316 ; 7335 ; 24000
700 ; 1000 ; 736 ; 330 ; 7669 ; 24000
1500 ; 1000 ; 734 ; 334 ; 7418 ; 24000
700 ; 1000 ; 700 ; 305 ; 7521 ; 24000
2800 ; 1000 ; 747 ; 298 ; 7754 ; 24000
700 ; 1000 ; 730 ; 297 ; 7615 ; 24000
2800 ; 1000 ; 742 ; 303 ; 7672 ; 24000
700 ; 1000 ; 740 ; 296 ; 7702 ; 24000
2800 ; 1000 ; 741 ; 315 ; 7687 ; 24000
2500 ; 1000 ; 840 ; 299 ; 9262 ; 24000
2800 ; 1000 ; 741 ; 309 ; 7690 ; 24000
2500 ; 1000 ; 811 ; 291 ; 9227 ; 24000
2800 ; 1000 ; 747 ; 295 ; 7624 ; 24000
2500 ; 1000 ; 792 ; 296 ; 9153 ; 24000
2800 ; 1000 ; 758 ; 298 ; 7680 ; 24000
2500 ; 1000 ; 799 ; 318 ; 9277 ; 24000
2800 ; 1000 ; 748 ; 278 ; 7625 ; 24000
2500 ; 1000 ; 806 ; 291 ; 9177 ; 24000
2800 ; 1000 ; 725 ; 304 ; 7627 ; 24000
2500 ; 1000 ; 805 ; 314 ; 9177 ; 24000
2800 ; 1000 ; 732 ; 308 ; 7586 ; 24000
2500 ; 1000 ; 816 ; 296 ; 9112 ; 24000
2800 ; 1000 ; 756 ; 294 ; 7738 ; 24000
2500 ; 1000 ; 821 ; 307 ; 9196 ; 24000
300 ; 1000 ; 587 ; 298 ; 5403 ; 24000
2500 ; 1000 ; 806 ; 332 ; 9172 ; 24000
300 ; 1000 ; 597 ; 291 ; 5568 ; 24000
2500 ; 1000 ; 819 ; 300 ; 9243 ; 24000
300 ; 1000 ; 612 ; 282 ; 5433 ; 24000
2400 ; 1000 ; 794 ; 305 ; 8949 ; 24000
300 ; 1000 ; 591 ; 307 ; 5324 ; 24000
2400 ; 1000 ; 787 ; 282 ; 8932 ; 24000
300 ; 1000 ; 603 ; 320 ; 5529 ; 24000
2400 ; 1000 ; 809 ; 291 ; 8828 ; 24000
300 ; 1000 ; 600 ; 313 ; 5388 ; 24000
2400 ; 1000 ; 799 ; 288 ; 8853 ; 24000
300 ; 1000 ; 595 ; 314 ; 5440 ; 24000
2400 ; 1000 ; 793 ; 301 ; 8845 ; 24000
300 ; 1000 ; 598 ; 308 ; 5511 ; 24000
2400 ; 1000 ; 795 ; 284 ; 8952 ; 24000
300 ; 1000 ; 621 ; 295 ; 5525 ; 24000
2400 ; 1000 ; 795 ; 290 ; 8940 ; 24000
300 ; 1000 ; 637 ; 320 ; 5641 ; 24000
2400 ; 1000 ; 811 ; 297 ; 8907 ; 24000
1800 ; 1000 ; 733 ; 308 ; 7512 ; 24000
2400 ; 1000 ; 785 ; 297 ; 8833 ; 24000
1800 ; 1000 ; 710 ; 286 ; 7368 ; 24000
2400 ; 1000 ; 807 ; 332 ; 8905 ; 24000
1800 ; 1000 ; 708 ; 285 ; 7496 ; 24000
1200 ; 1000 ; 783 ; 293 ; 8319 ; 24000
1800 ; 1000 ; 718 ; 299 ; 7425 ; 24000
1200 ; 1000 ; 782 ; 305 ; 8293 ; 24000
1800 ; 1000 ; 726 ; 291 ; 7351 ; 24000
1200 ; 1000 ; 766 ; 312 ; 8298 ; 24000
1800 ; 1000 ; 731 ; 288 ; 7418 ; 24000
1200 ; 1000 ; 791 ; 289 ; 8331 ; 24000
1800 ; 1000 ; 724 ; 283 ; 7364 ; 24000
1200 ; 1000 ; 752 ; 301 ; 8109 ; 24000
1800 ; 1000 ; 714 ; 301 ; 7228 ; 24000
1200 ; 1000 ; 765 ; 314 ; 8144 ; 24000
1800 ; 1000 ; 730 ; 318 ; 7431 ; 24000
1200 ; 1000 ; 765 ; 301 ; 8056 ; 24000
1800 ; 1000 ; 704 ; 290 ; 7267 ; 24000
1200 ; 1000 ; 780 ; 296 ; 8301 ; 24000
700 ; 1000 ; 649 ; 291 ; 6588 ; 24000
1200 ; 1000 ; 770 ; 283 ; 8237 ; 24000
700 ; 1000 ; 642 ; 285 ; 6565 ; 24000
1200 ; 1000 ; 775 ; 327 ; 8206 ; 24000
700 ; 1000 ; 664 ; 280 ; 6629 ; 24000
700 ; 1000 ; 735 ; 304 ; 7462 ; 24000
700 ; 1000 ; 659 ; 298 ; 6577 ; 24000
700 ; 1000 ; 717 ; 289 ; 7541 ; 24000
700 ; 1000 ; 651 ; 297 ; 6500 ; 24000
700 ; 1000 ; 713 ; 308 ; 7464 ; 24000
700 ; 1000 ; 672 ; 282 ; 6670 ; 24000
700 ; 1000 ; 718 ; 305 ; 7473 ; 24000
700 ; 1000 ; 688 ; 311 ; 6711 ; 24000
700 ; 1000 ; 722 ; 300 ; 7429 ; 24000
700 ; 1000 ; 640 ; 279 ; 6667 ; 24000
700 ; 1000 ; 735 ; 302 ; 7531 ; 24000
700 ; 1000 ; 651 ; 318 ; 6499 ; 24000
700 ; 1000 ; 731 ; 325 ; 7427 ; 24000
700 ; 1000 ; 680 ; 324 ; 6609 ; 24000
700 ; 1000 ; 693 ; 283 ; 7443 ; 24000
2500 ; 1000 ; 742 ; 285 ; 7862 ; 24000
700 ; 1000 ; 721 ; 320 ; 7504 ; 24000
2500 ; 1000 ; 726 ; 286 ; 7814 ; 24000
700 ; 1000 ; 731 ; 313 ; 7514 ; 24000
2500 ; 1000 ; 769 ; 294 ; 8019 ; 24000
300 ; 1000 ; 693 ; 295 ; 6416 ; 24000
2500 ; 1000 ; 745 ; 258 ; 7956 ; 24000
300 ; 1000 ; 679 ; 281 ; 6393 ; 24000
2500 ; 1000 ; 735 ; 305 ; 7814 ; 24000
300 ; 1000 ; 640 ; 291 ; 6340 ; 24000
2500 ; 1000 ; 751 ; 305 ; 7827 ; 24000
300 ; 1000 ; 662 ; 294 ; 6342 ; 24000
2500 ; 1000 ; 747 ; 301 ; 7863 ; 24000
300 ; 1000 ; 664 ; 306 ; 6245 ; 24000
2500 ; 1000 ; 723 ; 320 ; 7776 ; 24000
300 ; 1000 ; 652 ; 291 ; 6322 ; 24000
2500 ; 1000 ; 718 ; 282 ; 7705 ; 24000
300 ; 1000 ; 667 ; 314 ; 6435 ; 24000
2500 ; 1000 ; 725 ; 305 ; 7810 ; 24000
300 ; 1000 ; 648 ; 260 ; 6210 ; 24000
2400 ; 1000 ; 725 ; 303 ; 7451 ; 24000
300 ; 1000 ; 640 ; 298 ; 6171 ; 24000
2400 ; 1000 ; 746 ; 289 ; 7591 ; 24000
300 ; 1000 ; 653 ; 294 ; 6190 ; 24000
2400 ; 1000 ; 752 ; 304 ; 7613 ; 24000
600 ; 1000 ; 724 ; 287 ; 7543 ; 24000
2400 ; 1000 ; 740 ; 337 ; 7559 ; 24000
600 ; 1000 ; 727 ; 291 ; 7322 ; 24000
2400 ; 1000 ; 748 ; 288 ; 7592 ; 24000
600 ; 1000 ; 730 ; 298 ; 7416 ; 24000
2400 ; 1000 ; 745 ; 273 ; 7519 ; 24000
600 ; 1000 ; 711 ; 311 ; 7311 ; 24000
2400 ; 1000 ; 737 ; 290 ; 7573 ; 24000
600 ; 1000 ; 702 ; 288 ; 7278 ; 24000
2400 ; 1000 ; 736 ; 317 ; 7464 ; 24000
600 ; 1000 ; 704 ; 327 ; 7376 ; 24000
2400 ; 1000 ; 714 ; 315 ; 7467 ; 24000
600 ; 1000 ; 750 ; 328 ; 7545 ; 24000
2400 ; 1000 ; 756 ; 294 ; 7684 ; 24000
600 ; 1000 ; 755 ; 296 ; 7447 ; 24000
1200 ; 1000 ; 705 ; 301 ; 7129 ; 24000
600 ; 1000 ; 739 ; 321 ; 7514 ; 24000
1200 ; 1000 ; 725 ; 272 ; 7230 ; 24000
600 ; 1000 ; 730 ; 283 ; 7360 ; 24000
1200 ; 1000 ; 710 ; 294 ; 7026 ; 24000
2100 ; 1000 ; 772 ; 300 ; 8884 ; 24000
1200 ; 1000 ; 686 ; 306 ; 6986 ; 24000
2100 ; 1000 ; 792 ; 287 ; 8901 ; 24000
1200 ; 1000 ; 682 ; 306 ; 7012 ; 24000
2100 ; 1000 ; 806 ; 309 ; 9078 ; 24000
1200 ; 1000 ; 685 ; 314 ; 6928 ; 24000
2100 ; 1000 ; 824 ; 290 ; 9032 ; 24000
1200 ; 1000 ; 698 ; 281 ; 7079 ; 24000
2100 ; 1000 ; 819 ; 287 ; 9080 ; 24000
1200 ; 1000 ; 692 ; 304 ; 7015 ; 24000
2100 ; 1000 ; 818 ; 297 ; 9054 ; 24000
1200 ; 1000 ; 707 ; 301 ; 7139 ; 24000
2100 ; 1000 ; 797 ; 306 ; 8926 ; 24000
1200 ; 1000 ; 674 ; 287 ; 6964 ; 24000
2100 ; 1000 ; 797 ; 288 ; 9074 ; 24000
700 ; 1000 ; 680 ; 297 ; 6553 ; 24000
2100 ; 1000 ; 806 ; 315 ; 9088 ; 24000
700 ; 1000 ; 674 ; 285 ; 6564 ; 24000
2100 ; 1000 ; 790 ; 306 ; 8947 ; 24000
700 ; 1000 ; 642 ; 287 ; 6404 ; 24000
1200 ; 1000 ; 787 ; 308 ; 8204 ; 24000
1200 ; 1000 ; 749 ; 264 ; 8233 ; 24000
700 ; 1000 ; 675 ; 298 ; 6430 ; 24000
1200 ; 1000 ; 763 ; 293 ; 8032 ; 24000
700 ; 1000 ; 641 ; 295 ; 6402 ; 24000
1200 ; 1000 ; 760 ; 305 ; 8199 ; 24000
700 ; 1000 ; 686 ; 330 ; 6460 ; 24000
1200 ; 1000 ; 745 ; 288 ; 8124 ; 24000
700 ; 1000 ; 639 ; 280 ; 6364 ; 24000
1200 ; 1000 ; 779 ; 294 ; 8151 ; 24000
700 ; 1000 ; 670 ; 309 ; 6460 ; 24000
1200 ; 1000 ; 768 ; 321 ; 8314 ; 24000
700 ; 1000 ; 656 ; 314 ; 6498 ; 24000
1200 ; 1000 ; 785 ; 301 ; 8265 ; 24000
700 ; 1000 ; 662 ; 291 ; 6309 ; 24000
1200 ; 1000 ; 757 ; 293 ; 8314 ; 24000
300 ; 1000 ; 572 ; 291 ; 5335 ; 24000
1200 ; 1000 ; 757 ; 289 ; 8198 ; 24000
300 ; 1000 ; 591 ; 315 ; 5350 ; 24000
200 ; 1000 ; 664 ; 288 ; 6049 ; 24000
300 ; 1000 ; 603 ; 285 ; 5523 ; 24000
200 ; 1000 ; 640 ; 294 ; 5884 ; 24000
300 ; 1000 ; 620 ; 297 ; 5505 ; 24000
200 ; 1000 ; 640 ; 296 ; 5854 ; 24000
300 ; 1000 ; 593 ; 290 ; 5426 ; 24000
200 ; 1000 ; 654 ; 314 ; 6101 ; 24000
300 ; 1000 ; 612 ; 311 ; 5540 ; 24000
200 ; 1000 ; 648 ; 299 ; 6108 ; 24000
300 ; 1000 ; 593 ; 312 ; 5479 ; 24000
200 ; 1000 ; 649 ; 295 ; 5928 ; 24000
300 ; 1000 ; 601 ; 305 ; 5367 ; 24000
200 ; 1000 ; 626 ; 307 ; 5883 ; 24000
300 ; 1000 ; 603 ; 299 ; 5440 ; 24000
200 ; 1000 ; 643 ; 288 ; 6095 ; 24000
300 ; 1000 ; 591 ; 303 ; 5352 ; 24000
200 ; 1000 ; 643 ; 312 ; 5924 ; 24000
600 ; 1000 ; 619 ; 293 ; 6183 ; 24000
200 ; 1000 ; 638 ; 317 ; 5969 ; 24000
600 ; 1000 ; 649 ; 319 ; 6371 ; 24000
1200 ; 1000 ; 780 ; 293 ; 8355 ; 24000
600 ; 1000 ; 665 ; 283 ; 6387 ; 24000
1200 ; 1000 ; 772 ; 314 ; 8259 ; 24000
600 ; 1000 ; 682 ; 292 ; 6365 ; 24000
1200 ; 1000 ; 754 ; 298 ; 8294 ; 24000
600 ; 1000 ; 666 ; 299 ; 6334 ; 24000
1200 ; 1000 ; 776 ; 308 ; 8208 ; 24000
600 ; 1000 ; 672 ; 287 ; 6563 ; 24000
1200 ; 1000 ; 756 ; 311 ; 8201 ; 24000
600 ; 1000 ; 634 ; 295 ; 6193 ; 24000
1200 ; 1000 ; 769 ; 317 ; 8265 ; 24000
600 ; 1000 ; 669 ; 296 ; 6400 ; 24000
1200 ; 1000 ; 767 ; 292 ; 8279 ; 24000
600 ; 1000 ; 669 ; 316 ; 6435 ; 24000
1200 ; 1000 ; 751 ; 311 ; 8184 ; 24000
600 ; 1000 ; 661 ; 343 ; 6262 ; 24000
1200 ; 1000 ; 786 ; 299 ; 8231 ; 24000
2100 ; 1000 ; 762 ; 300 ; 7666 ; 24000
1200 ; 1000 ; 762 ; 279 ; 8275 ; 24000
2100 ; 1000 ; 728 ; 291 ; 7658 ; 24000
2900 ; 1000 ; 808 ; 291 ; 9244 ; 24000
2100 ; 1000 ; 727 ; 299 ; 7621 ; 24000
2900 ; 1000 ; 795 ; 291 ; 9281 ; 24000
2100 ; 1000 ; 750 ; 282 ; 7765 ; 24000
2900 ; 1000 ; 810 ; 303 ; 9358 ; 24000
2100 ; 1000 ; 731 ; 322 ; 7655 ; 24000
2900 ; 1000 ; 817 ; 326 ; 9379 ; 24000
2100 ; 1000 ; 729 ; 308 ; 7710 ; 24000
2900 ; 1000 ; 800 ; 313 ; 9403 ; 24000
2100 ; 1000 ; 699 ; 298 ; 7644 ; 24000
2900 ; 1000 ; 832 ; 284 ; 9469 ; 24000
2100 ; 1000 ; 732 ; 302 ; 7563 ; 24000
2900 ; 1000 ; 817 ; 280 ; 9327 ; 24000
2100 ; 1000 ; 750 ; 291 ; 7816 ; 24000
2900 ; 1000 ; 828 ; 302 ; 9390 ; 24000
2100 ; 1000 ; 720 ; 319 ; 7704 ; 24000
2900 ; 1000 ; 829 ; 278 ; 9400 ; 24000
1200 ; 1000 ; 682 ; 298 ; 6881 ; 24000
2900 ; 1000 ; 817 ; 300 ; 9323 ; 24000
1200 ; 1000 ; 710 ; 319 ; 7025 ; 24000
1500 ; 1000 ; 781 ; 295 ; 8443 ; 24000
1200 ; 1000 ; 690 ; 304 ; 6815 ; 24000
1500 ; 1000 ; 777 ; 310 ; 8571 ; 24000
1200 ; 1000 ; 702 ; 294 ; 7021 ; 24000
1500 ; 1000 ; 760 ; 301 ; 8420 ; 24000
1200 ; 1000 ; 669 ; 320 ; 6854 ; 24000
1500 ; 1000 ; 789 ; 319 ; 8553 ; 24000
1200 ; 1000 ; 698 ; 289 ; 6915 ; 24000
1500 ; 1000 ; 781 ; 305 ; 8444 ; 24000
1200 ; 1000 ; 696 ; 281 ; 7007 ; 24000
1500 ; 1000 ; 798 ; 297 ; 8496 ; 24000
1200 ; 1000 ; 717 ; 309 ; 6936 ; 24000
1500 ; 1000 ; 788 ; 294 ; 8439 ; 24000
1200 ; 1000 ; 709 ; 310 ; 6919 ; 24000
1500 ; 1000 ; 778 ; 313 ; 8527 ; 24000
1200 ; 1000 ; 711 ; 326 ; 7013 ; 24000
1500 ; 1000 ; 819 ; 317 ; 8502 ; 24000
200 ; 1000 ; 607 ; 309 ; 5118 ; 24000
1500 ; 1000 ; 792 ; 297 ; 8570 ; 24000
200 ; 1000 ; 564 ; 316 ; 5110 ; 24000
2800 ; 1000 ; 810 ; 284 ; 9191 ; 24000
200 ; 1000 ; 580 ; 275 ; 5126 ; 24000
2800 ; 1000 ; 825 ; 279 ; 9263 ; 24000
200 ; 1000 ; 553 ; 294 ; 4982 ; 24000
2800 ; 1000 ; 813 ; 307 ; 9182 ; 24000
200 ; 1000 ; 602 ; 318 ; 5146 ; 24000
2800 ; 1000 ; 814 ; 313 ; 9255 ; 24000
200 ; 1000 ; 606 ; 334 ; 5210 ; 24000
2800 ; 1000 ; 808 ; 295 ; 9248 ; 24000
200 ; 1000 ; 561 ; 291 ; 5095 ; 24000
2800 ; 1000 ; 826 ; 303 ; 9262 ; 24000
200 ; 1000 ; 593 ; 318 ; 5126 ; 24000
2800 ; 1000 ; 822 ; 307 ; 9129 ; 24000
200 ; 1000 ; 596 ; 286 ; 5094 ; 24000
2800 ; 1000 ; 827 ; 304 ; 9297 ; 24000
200 ; 1000 ; 569 ; 278 ; 5109 ; 24000
2800 ; 1000 ; 798 ; 291 ; 9195 ; 24000
1200 ; 1000 ; 684 ; 301 ; 7085 ; 24000
2800 ; 1000 ; 823 ; 293 ; 9138 ; 24000
1200 ; 1000 ; 703 ; 305 ; 7074 ; 24000
1500 ; 1000 ; 795 ; 300 ; 8518 ; 24000
1200 ; 1000 ; 683 ; 304 ; 7023 ; 24000
1500 ; 1000 ; 766 ; 300 ; 8321 ; 24000
1200 ; 1000 ; 669 ; 296 ; 7028 ; 24000
1500 ; 1000 ; 782 ; 299 ; 8502 ; 24000
1200 ; 1000 ; 705 ; 329 ; 7107 ; 24000
1500 ; 1000 ; 792 ; 307 ; 8517 ; 24000
1200 ; 1000 ; 704 ; 300 ; 7108 ; 24000
1500 ; 1000 ; 783 ; 310 ; 8430 ; 24000
1200 ; 1000 ; 700 ; 317 ; 7024 ; 24000
1500 ; 1000 ; 804 ; 316 ; 8483 ; 24000
1200 ; 1000 ; 711 ; 300 ; 7135 ; 24000
1500 ; 1000 ; 785 ; 289 ; 8446 ; 24000
1200 ; 1000 ; 691 ; 311 ; 7088 ; 24000
1500 ; 1000 ; 772 ; 321 ; 8364 ; 24000
1200 ; 1000 ; 686 ; 302 ; 7111 ; 24000
1500 ; 1000 ; 759 ; 295 ; 8381 ; 24000
2900 ; 1000 ; 747 ; 309 ; 8021 ; 24000
1500 ; 1000 ; 767 ; 279 ; 8400 ; 24000
2900 ; 1000 ; 735 ; 302 ; 7814 ; 24000
3100 ; 1000 ; 809 ; 306 ; 9296 ; 24000
2900 ; 1000 ; 763 ; 290 ; 8079 ; 24000
3100 ; 1000 ; 803 ; 301 ; 9188 ; 24000
2900 ; 1000 ; 727 ; 303 ; 7909 ; 24000
3100 ; 1000 ; 807 ; 313 ; 9128 ; 24000
2900 ; 1000 ; 748 ; 296 ; 8022 ; 24000
3100 ; 1000 ; 816 ; 321 ; 9165 ; 24000
2900 ; 1000 ; 774 ; 285 ; 8157 ; 24000
3100 ; 1000 ; 807 ; 283 ; 9257 ; 24000
2900 ; 1000 ; 767 ; 335 ; 8080 ; 24000
3100 ; 1000 ; 815 ; 304 ; 9348 ; 24000
2900 ; 1000 ; 750 ; 273 ; 8023 ; 24000
3100 ; 1000 ; 816 ; 286 ; 9305 ; 24000
2900 ; 1000 ; 722 ; 308 ; 7820 ; 24000
3100 ; 1000 ; 811 ; 301 ; 9230 ; 24000
2900 ; 1000 ; 735 ; 323 ; 7954 ; 24000
3100 ; 1000 ; 812 ; 306 ; 9155 ; 24000
1500 ; 1000 ; 725 ; 281 ; 7344 ; 24000
3100 ; 1000 ; 801 ; 309 ; 9270 ; 24000
1500 ; 1000 ; 748 ; 328 ; 7320 ; 24000
1300 ; 1000 ; 796 ; 305 ; 8472 ; 24000
1500 ; 1000 ; 719 ; 314 ; 7210 ; 24000
1300 ; 1000 ; 757 ; 293 ; 8347 ; 24000
1500 ; 1000 ; 711 ; 300 ; 7282 ; 24000
1300 ; 1000 ; 797 ; 287 ; 8463 ; 24000
1500 ; 1000 ; 715 ; 324 ; 7218 ; 24000
1300 ; 1000 ; 779 ; 298 ; 8315 ; 24000
1500 ; 1000 ; 697 ; 306 ; 7249 ; 24000
1300 ; 1000 ; 761 ; 299 ; 8351 ; 24000
1500 ; 1000 ; 696 ; 307 ; 7167 ; 24000
1300 ; 1000 ; 798 ; 296 ; 8526 ; 24000
1500 ; 1000 ; 723 ; 303 ; 7328 ; 24000
1300 ; 1000 ; 753 ; 301 ; 8310 ; 24000
1500 ; 1000 ; 705 ; 309 ; 7147 ; 24000
1300 ; 1000 ; 771 ; 282 ; 8507 ; 24000
1500 ; 1000 ; 721 ; 308 ; 7208 ; 24000
1300 ; 1000 ; 777 ; 287 ; 8415 ; 24000
2800 ; 1000 ; 736 ; 301 ; 7747 ; 24000
1300 ; 1000 ; 784 ; 305 ; 8488 ; 24000
2800 ; 1000 ; 759 ; 302 ; 7853 ; 24000
1700 ; 1000 ; 775 ; 304 ; 8544 ; 24000
2800 ; 1000 ; 751 ; 299 ; 7860 ; 24000
1700 ; 1000 ; 795 ; 304 ; 8579 ; 24000
2800 ; 1000 ; 744 ; 312 ; 7892 ; 24000
1700 ; 1000 ; 774 ; 295 ; 8571 ; 24000
2800 ; 1000 ; 756 ; 323 ; 7960 ; 24000
1700 ; 1000 ; 778 ; 303 ; 8580 ; 24000
2800 ; 1000 ; 749 ; 309 ; 7762 ; 24000
1700 ; 1000 ; 773 ; 297 ; 8495 ; 24000
2800 ; 1000 ; 723 ; 284 ; 7713 ; 24000
1700 ; 1000 ; 779 ; 315 ; 8607 ; 24000
2800 ; 1000 ; 764 ; 305 ; 7738 ; 24000
1700 ; 1000 ; 787 ; 324 ; 8585 ; 24000
2800 ; 1000 ; 724 ; 300 ; 7693 ; 24000
1700 ; 1000 ; 790 ; 305 ; 8614 ; 24000
2800 ; 1000 ; 763 ; 317 ; 7820 ; 24000
1700 ; 1000 ; 779 ; 302 ; 8567 ; 24000
1500 ; 1000 ; 716 ; 304 ; 7231 ; 24000
1700 ; 1000 ; 775 ; 320 ; 8445 ; 24000
1500 ; 1000 ; 689 ; 294 ; 7131 ; 24000
2300 ; 1000 ; 822 ; 286 ; 9340 ; 24000
1500 ; 1000 ; 676 ; 276 ; 7081 ; 24000
2300 ; 1000 ; 812 ; 283 ; 9140 ; 24000
1500 ; 1000 ; 708 ; 286 ; 7083 ; 24000
2300 ; 1000 ; 815 ; 313 ; 9058 ; 24000
1500 ; 1000 ; 693 ; 324 ; 7144 ; 24000
2300 ; 1000 ; 817 ; 308 ; 9175 ; 24000
1500 ; 1000 ; 719 ; 311 ; 7266 ; 24000
2300 ; 1000 ; 817 ; 300 ; 9191 ; 24000
2300 ; 1000 ; 790 ; 301 ; 9108 ; 24000
1500 ; 1000 ; 708 ; 296 ; 7089 ; 24000
2300 ; 1000 ; 806 ; 310 ; 9131 ; 24000
1500 ; 1000 ; 688 ; 284 ; 7099 ; 24000
2300 ; 1000 ; 818 ; 305 ; 9188 ; 24000
1500 ; 1000 ; 714 ; 320 ; 7227 ; 24000
2300 ; 1000 ; 801 ; 278 ; 9167 ; 24000
1500 ; 1000 ; 734 ; 322 ; 7341 ; 24000
2300 ; 1000 ; 804 ; 302 ; 9277 ; 24000
3100 ; 1000 ; 747 ; 282 ; 7751 ; 24000
2300 ; 1000 ; 794 ; 280 ; 8819 ; 24000
3100 ; 1000 ; 740 ; 295 ; 7718 ; 24000
2300 ; 1000 ; 800 ; 298 ; 8778 ; 24000
3100 ; 1000 ; 735 ; 304 ; 7727 ; 24000
2300 ; 1000 ; 792 ; 285 ; 8873 ; 24000
3100 ; 1000 ; 748 ; 310 ; 7831 ; 24000
2300 ; 1000 ; 813 ; 301 ; 8875 ; 24000
3100 ; 1000 ; 749 ; 307 ; 7773 ; 24000
2300 ; 1000 ; 788 ; 306 ; 8843 ; 24000
3100 ; 1000 ; 738 ; 315 ; 7611 ; 24000
2300 ; 1000 ; 799 ; 297 ; 8853 ; 24000
3100 ; 1000 ; 755 ; 304 ; 7769 ; 24000
2300 ; 1000 ; 800 ; 330 ; 8935 ; 24000
3100 ; 1000 ; 747 ; 328 ; 7762 ; 24000
2300 ; 1000 ; 788 ; 278 ; 8875 ; 24000
3100 ; 1000 ; 760 ; 309 ; 7747 ; 24000
2300 ; 1000 ; 796 ; 297 ; 8881 ; 24000
3100 ; 1000 ; 748 ; 290 ; 7678 ; 24000
2300 ; 1000 ; 783 ; 291 ; 8798 ; 24000
1300 ; 1000 ; 690 ; 284 ; 7077 ; 24000
1900 ; 1000 ; 812 ; 300 ; 8941 ; 24000
1300 ; 1000 ; 711 ; 294 ; 7145 ; 24000
1900 ; 1000 ; 776 ; 304 ; 8686 ; 24000
1300 ; 1000 ; 715 ; 312 ; 7167 ; 24000
1900 ; 1000 ; 812 ; 302 ; 8879 ; 24000
1300 ; 1000 ; 701 ; 327 ; 7146 ; 24000
1900 ; 1000 ; 759 ; 302 ; 8755 ; 24000
1300 ; 1000 ; 720 ; 316 ; 7198 ; 24000
1900 ; 1000 ; 780 ; 274 ; 8783 ; 24000
1300 ; 1000 ; 715 ; 289 ; 7250 ; 24000
1900 ; 1000 ; 774 ; 313 ; 8751 ; 24000
1300 ; 1000 ; 680 ; 307 ; 7063 ; 24000
1900 ; 1000 ; 779 ; 315 ; 8717 ; 24000
1300 ; 1000 ; 737 ; 286 ; 7226 ; 24000
1900 ; 1000 ; 800 ; 326 ; 8844 ; 24000
1300 ; 1000 ; 724 ; 270 ; 7317 ; 24000
1900 ; 1000 ; 784 ; 317 ; 8781 ; 24000
1300 ; 1000 ; 701 ; 293 ; 7199 ; 24000
1900 ; 1000 ; 791 ; 299 ; 8899 ; 24000
1700 ; 1000 ; 718 ; 306 ; 7225 ; 24000
2400 ; 1000 ; 811 ; 302 ; 8965 ; 24000
1700 ; 1000 ; 716 ; 298 ; 7295 ; 24000
2400 ; 1000 ; 794 ; 301 ; 8923 ; 24000
1700 ; 1000 ; 723 ; 323 ; 7412 ; 24000
2400 ; 1000 ; 792 ; 287 ; 8961 ; 24000
1700 ; 1000 ; 709 ; 277 ; 7269 ; 24000
2400 ; 1000 ; 784 ; 304 ; 8880 ; 24000
1700 ; 1000 ; 709 ; 308 ; 7275 ; 24000
2400 ; 1000 ; 794 ; 316 ; 8963 ; 24000
1700 ; 1000 ; 741 ; 306 ; 7339 ; 24000
2400 ; 1000 ; 815 ; 309 ; 9063 ; 24000
1700 ; 1000 ; 696 ; 302 ; 7230 ; 24000
2400 ; 1000 ; 780 ; 290 ; 8869 ; 24000
1700 ; 1000 ; 703 ; 322 ; 7279 ; 24000
2400 ; 1000 ; 796 ; 320 ; 8987 ; 24000
1700 ; 1000 ; 740 ; 327 ; 7387 ; 24000
2400 ; 1000 ; 808 ; 313 ; 8949 ; 24000
1700 ; 1000 ; 746 ; 300 ; 7399 ; 24000
2400 ; 1000 ; 809 ; 318 ; 8878 ; 24000
2300 ; 1000 ; 734 ; 310 ; 7717 ; 24000
1400 ; 1000 ; 779 ; 295 ; 8474 ; 24000
2300 ; 1000 ; 744 ; 294 ; 7773 ; 24000
1400 ; 1000 ; 785 ; 310 ; 8396 ; 24000
2300 ; 1000 ; 762 ; 291 ; 7824 ; 24000
1400 ; 1000 ; 767 ; 304 ; 8390 ; 24000
2300 ; 1000 ; 725 ; 291 ; 7769 ; 24000
1400 ; 1000 ; 805 ; 307 ; 8438 ; 24000
2300 ; 1000 ; 728 ; 281 ; 7752 ; 24000
1400 ; 1000 ; 762 ; 310 ; 8274 ; 24000
2300 ; 1000 ; 757 ; 304 ; 7852 ; 24000
1400 ; 1000 ; 768 ; 309 ; 8362 ; 24000
2300 ; 1000 ; 739 ; 321 ; 7848 ; 24000
1400 ; 1000 ; 777 ; 309 ; 8342 ; 24000
2300 ; 1000 ; 765 ; 309 ; 7831 ; 24000
1400 ; 1000 ; 770 ; 301 ; 8324 ; 24000
2300 ; 1000 ; 745 ; 292 ; 7763 ; 24000
1400 ; 1000 ; 755 ; 294 ; 8329 ; 24000
2300 ; 1000 ; 723 ; 294 ; 7684 ; 24000
1400 ; 1000 ; 771 ; 305 ; 8376 ; 24000
2300 ; 1000 ; 723 ; 292 ; 7485 ; 24000
100 ; 1000 ; 597 ; 324 ; 4880 ; 24000
2300 ; 1000 ; 734 ; 283 ; 7494 ; 24000
100 ; 1000 ; 602 ; 293 ; 4967 ; 24000
2300 ; 1000 ; 706 ; 296 ; 7370 ; 24000
100 ; 1000 ; 580 ; 303 ; 4980 ; 24000
2300 ; 1000 ; 729 ; 313 ; 7482 ; 24000
100 ; 1000 ; 597 ; 302 ; 4987 ; 24000
2300 ; 1000 ; 715 ; 299 ; 7488 ; 24000
100 ; 1000 ; 601 ; 284 ; 4947 ; 24000
2300 ; 1000 ; 718 ; 299 ; 7446 ; 24000
100 ; 1000 ; 570 ; 309 ; 4807 ; 24000
2300 ; 1000 ; 726 ; 311 ; 7466 ; 24000
100 ; 1000 ; 581 ; 306 ; 4836 ; 24000
2300 ; 1000 ; 729 ; 296 ; 7474 ; 24000
100 ; 1000 ; 590 ; 310 ; 4886 ; 24000
2300 ; 1000 ; 718 ; 278 ; 7374 ; 24000
100 ; 1000 ; 603 ; 307 ; 4989 ; 24000
2300 ; 1000 ; 724 ; 308 ; 7435 ; 24000
100 ; 1000 ; 571 ; 273 ; 4925 ; 24000
1900 ; 1000 ; 729 ; 283 ; 7623 ; 24000
3100 ; 1000 ; 817 ; 308 ; 9409 ; 24000
1900 ; 1000 ; 708 ; 297 ; 7504 ; 24000
3100 ; 1000 ; 807 ; 299 ; 9430 ; 24000
1900 ; 1000 ; 732 ; 292 ; 7636 ; 24000
3100 ; 1000 ; 842 ; 296 ; 9522 ; 24000
1900 ; 1000 ; 731 ; 312 ; 7569 ; 24000
3100 ; 1000 ; 845 ; 287 ; 9567 ; 24000
1900 ; 1000 ; 733 ; 327 ; 7548 ; 24000
3100 ; 1000 ; 843 ; 315 ; 9418 ; 24000
1900 ; 1000 ; 706 ; 315 ; 7520 ; 24000
3100 ; 1000 ; 822 ; 293 ; 9566 ; 24000
1900 ; 1000 ; 718 ; 305 ; 7533 ; 24000
3100 ; 1000 ; 804 ; 282 ; 9356 ; 24000
1900 ; 1000 ; 724 ; 314 ; 7495 ; 24000
3100 ; 1000 ; 814 ; 323 ; 9445 ; 24000
1900 ; 1000 ; 720 ; 288 ; 7523 ; 24000
3100 ; 1000 ; 823 ; 283 ; 9584 ; 24000
1900 ; 1000 ; 744 ; 305 ; 7598 ; 24000
3100 ; 1000 ; 819 ; 319 ; 9581 ; 24000
2400 ; 1000 ; 741 ; 293 ; 7611 ; 24000
1700 ; 1000 ; 797 ; 291 ; 8775 ; 24000
2400 ; 1000 ; 738 ; 319 ; 7674 ; 24000
1700 ; 1000 ; 803 ; 281 ; 8766 ; 24000
2400 ; 1000 ; 750 ; 307 ; 7739 ; 24000
1700 ; 1000 ; 791 ; 325 ; 8759 ; 24000
2400 ; 1000 ; 746 ; 284 ; 7744 ; 24000
1700 ; 1000 ; 791 ; 313 ; 8730 ; 24000
2400 ; 1000 ; 732 ; 285 ; 7491 ; 24000
1700 ; 1000 ; 790 ; 301 ; 8688 ; 24000
2400 ; 1000 ; 752 ; 291 ; 7731 ; 24000
1700 ; 1000 ; 778 ; 293 ; 8747 ; 24000
2400 ; 1000 ; 744 ; 291 ; 7690 ; 24000
1700 ; 1000 ; 791 ; 291 ; 8781 ; 24000
2400 ; 1000 ; 712 ; 306 ; 7604 ; 24000
1700 ; 1000 ; 784 ; 284 ; 8700 ; 24000
2400 ; 1000 ; 754 ; 270 ; 7695 ; 24000
1700 ; 1000 ; 819 ; 307 ; 8804 ; 24000
2400 ; 1000 ; 720 ; 291 ; 7587 ; 24000
1700 ; 1000 ; 791 ; 307 ; 8689 ; 24000
1400 ; 1000 ; 679 ; 297 ; 7090 ; 24000
1600 ; 1000 ; 764 ; 300 ; 8520 ; 24000
1400 ; 1000 ; 697 ; 303 ; 7135 ; 24000
1600 ; 1000 ; 790 ; 312 ; 8460 ; 24000
1400 ; 1000 ; 680 ; 315 ; 7025 ; 24000
1600 ; 1000 ; 799 ; 317 ; 8674 ; 24000
1400 ; 1000 ; 676 ; 280 ; 6970 ; 24000
1600 ; 1000 ; 789 ; 297 ; 8622 ; 24000
1400 ; 1000 ; 703 ; 303 ; 7169 ; 24000
1600 ; 1000 ; 748 ; 327 ; 8542 ; 24000
1400 ; 1000 ; 703 ; 292 ; 7247 ; 24000
1600 ; 1000 ; 777 ; 315 ; 8481 ; 24000
1400 ; 1000 ; 704 ; 296 ; 7047 ; 24000
1600 ; 1000 ; 770 ; 292 ; 8558 ; 24000
1400 ; 1000 ; 720 ; 282 ; 7084 ; 24000
1600 ; 1000 ; 796 ; 308 ; 8739 ; 24000
1400 ; 1000 ; 698 ; 305 ; 7073 ; 24000
1600 ; 1000 ; 798 ; 309 ; 8664 ; 24000
1400 ; 1000 ; 701 ; 287 ; 7117 ; 24000
1600 ; 1000 ; 778 ; 301 ; 8531 ; 24000
100 ; 1000 ; 528 ; 296 ; 4212 ; 24000
400 ; 1000 ; 668 ; 329 ; 6534 ; 24000
100 ; 1000 ; 527 ; 311 ; 4170 ; 24000
400 ; 1000 ; 681 ; 308 ; 6671 ; 24000
100 ; 1000 ; 551 ; 309 ; 4300 ; 24000
400 ; 1000 ; 695 ; 319 ; 6771 ; 24000
100 ; 1000 ; 538 ; 328 ; 4200 ; 24000
400 ; 1000 ; 710 ; 296 ; 6758 ; 24000
100 ; 1000 ; 558 ; 335 ; 4380 ; 24000
400 ; 1000 ; 708 ; 283 ; 6754 ; 24000
100 ; 1000 ; 537 ; 303 ; 4181 ; 24000
400 ; 1000 ; 669 ; 292 ; 6573 ; 24000
100 ; 1000 ; 536 ; 299 ; 4414 ; 24000
400 ; 1000 ; 694 ; 316 ; 6739 ; 24000
100 ; 1000 ; 532 ; 303 ; 4196 ; 24000
400 ; 1000 ; 691 ; 307 ; 6765 ; 24000
100 ; 1000 ; 527 ; 307 ; 4113 ; 24000
400 ; 1000 ; 679 ; 292 ; 6675 ; 24000
100 ; 1000 ; 544 ; 298 ; 4241 ; 24000
400 ; 1000 ; 688 ; 312 ; 6693 ; 24000
3100 ; 1000 ; 747 ; 286 ; 8020 ; 24000
1900 ; 1000 ; 804 ; 320 ; 8772 ; 24000
3100 ; 1000 ; 769 ; 300 ; 8138 ; 24000
1900 ; 1000 ; 805 ; 293 ; 8755 ; 24000
3100 ; 1000 ; 755 ; 300 ; 7939 ; 24000
1900 ; 1000 ; 808 ; 309 ; 8878 ; 24000
3100 ; 1000 ; 746 ; 309 ; 8049 ; 24000
1900 ; 1000 ; 793 ; 318 ; 8796 ; 24000
3100 ; 1000 ; 764 ; 287 ; 8122 ; 24000
1900 ; 1000 ; 810 ; 307 ; 8818 ; 24000
3100 ; 1000 ; 764 ; 311 ; 8050 ; 24000
1900 ; 1000 ; 778 ; 296 ; 8645 ; 24000
3100 ; 1000 ; 782 ; 311 ; 8210 ; 24000
1900 ; 1000 ; 779 ; 306 ; 8710 ; 24000
3100 ; 1000 ; 737 ; 320 ; 7853 ; 24000
1900 ; 1000 ; 800 ; 306 ; 8814 ; 24000
3100 ; 1000 ; 754 ; 303 ; 7911 ; 24000
1900 ; 1000 ; 788 ; 304 ; 8788 ; 24000
3100 ; 1000 ; 765 ; 315 ; 7980 ; 24000
1900 ; 1000 ; 813 ; 300 ; 8741 ; 24000
1700 ; 1000 ; 720 ; 301 ; 7501 ; 24000
200 ; 1000 ; 655 ; 298 ; 5928 ; 24000
1700 ; 1000 ; 711 ; 291 ; 7481 ; 24000
200 ; 1000 ; 656 ; 311 ; 5880 ; 24000
1700 ; 1000 ; 739 ; 294 ; 7534 ; 24000
200 ; 1000 ; 689 ; 276 ; 5988 ; 24000
1700 ; 1000 ; 728 ; 316 ; 7610 ; 24000
200 ; 1000 ; 671 ; 314 ; 5895 ; 24000
1700 ; 1000 ; 705 ; 308 ; 7385 ; 24000
200 ; 1000 ; 647 ; 308 ; 5914 ; 24000
1700 ; 1000 ; 719 ; 306 ; 7476 ; 24000
200 ; 1000 ; 616 ; 313 ; 5831 ; 24000
1700 ; 1000 ; 706 ; 311 ; 7423 ; 24000
200 ; 1000 ; 668 ; 302 ; 6007 ; 24000
1700 ; 1000 ; 745 ; 320 ; 7590 ; 24000
200 ; 1000 ; 651 ; 314 ; 5964 ; 24000
1700 ; 1000 ; 708 ; 324 ; 7461 ; 24000
200 ; 1000 ; 645 ; 313 ; 5812 ; 24000
1700 ; 1000 ; 732 ; 300 ; 7476 ; 24000
200 ; 1000 ; 649 ; 290 ; 5853 ; 24000
1600 ; 1000 ; 708 ; 300 ; 7371 ; 24000
2000 ; 1000 ; 800 ; 314 ; 8975 ; 24000
1600 ; 1000 ; 703 ; 285 ; 7348 ; 24000
2000 ; 1000 ; 812 ; 282 ; 8983 ; 24000
1600 ; 1000 ; 664 ; 322 ; 7148 ; 24000
2000 ; 1000 ; 773 ; 306 ; 8853 ; 24000
1600 ; 1000 ; 707 ; 301 ; 7419 ; 24000
2000 ; 1000 ; 795 ; 315 ; 8865 ; 24000
1600 ; 1000 ; 702 ; 300 ; 7427 ; 24000
2000 ; 1000 ; 785 ; 303 ; 8996 ; 24000
1600 ; 1000 ; 695 ; 305 ; 7405 ; 24000
2000 ; 1000 ; 824 ; 295 ; 8933 ; 24000
1600 ; 1000 ; 702 ; 282 ; 7365 ; 24000
2000 ; 1000 ; 807 ; 307 ; 9098 ; 24000
1600 ; 1000 ; 713 ; 296 ; 7352 ; 24000
2000 ; 1000 ; 784 ; 303 ; 8778 ; 24000
1600 ; 1000 ; 692 ; 278 ; 7213 ; 24000
2000 ; 1000 ; 778 ; 303 ; 8876 ; 24000
1600 ; 1000 ; 744 ; 332 ; 7410 ; 24000
2000 ; 1000 ; 792 ; 313 ; 8808 ; 24000
400 ; 1000 ; 617 ; 317 ; 5718 ; 24000
800 ; 1000 ; 760 ; 280 ; 7738 ; 24000
400 ; 1000 ; 624 ; 307 ; 5878 ; 24000
800 ; 1000 ; 755 ; 286 ; 7861 ; 24000
400 ; 1000 ; 594 ; 327 ; 5679 ; 24000
800 ; 1000 ; 741 ; 318 ; 7674 ; 24000
400 ; 1000 ; 612 ; 323 ; 5807 ; 24000
800 ; 1000 ; 758 ; 277 ; 7869 ; 24000
400 ; 1000 ; 642 ; 322 ; 5904 ; 24000
800 ; 1000 ; 755 ; 290 ; 7700 ; 24000
400 ; 1000 ; 609 ; 316 ; 5831 ; 24000
800 ; 1000 ; 748 ; 302 ; 7690 ; 24000
400 ; 1000 ; 613 ; 307 ; 5820 ; 24000
800 ; 1000 ; 759 ; 306 ; 7916 ; 24000
400 ; 1000 ; 638 ; 293 ; 5869 ; 24000
800 ; 1000 ; 750 ; 296 ; 7738 ; 24000
400 ; 1000 ; 616 ; 308 ; 5818 ; 24000
800 ; 1000 ; 753 ; 308 ; 7796 ; 24000
400 ; 1000 ; 647 ; 293 ; 5913 ; 24000
800 ; 1000 ; 746 ; 318 ; 7772 ; 24000
1900 ; 1000 ; 752 ; 299 ; 7586 ; 24000
300 ; 1000 ; 625 ; 285 ; 6257 ; 24000
1900 ; 1000 ; 718 ; 283 ; 7408 ; 24000
300 ; 1000 ; 662 ; 305 ; 6182 ; 24000
1900 ; 1000 ; 729 ; 294 ; 7463 ; 24000
300 ; 1000 ; 639 ; 307 ; 6321 ; 24000
1900 ; 1000 ; 757 ; 305 ; 7529 ; 24000
300 ; 1000 ; 626 ; 297 ; 6180 ; 24000
1900 ; 1000 ; 734 ; 301 ; 7478 ; 24000
300 ; 1000 ; 667 ; 316 ; 6254 ; 24000
1900 ; 1000 ; 709 ; 315 ; 7474 ; 24000
300 ; 1000 ; 656 ; 312 ; 6238 ; 24000
1900 ; 1000 ; 731 ; 296 ; 7458 ; 24000
300 ; 1000 ; 649 ; 289 ; 6155 ; 24000
1900 ; 1000 ; 727 ; 304 ; 7391 ; 24000
300 ; 1000 ; 645 ; 298 ; 6126 ; 24000
1900 ; 1000 ; 725 ; 302 ; 7587 ; 24000
300 ; 1000 ; 649 ; 291 ; 6242 ; 24000
1900 ; 1000 ; 752 ; 305 ; 7596 ; 24000
300 ; 1000 ; 636 ; 296 ; 6162 ; 24000
200 ; 1000 ; 599 ; 318 ; 5117 ; 24000
1300 ; 1000 ; 776 ; 297 ; 8407 ; 24000
200 ; 1000 ; 603 ; 321 ; 5205 ; 24000
1300 ; 1000 ; 762 ; 307 ; 8382 ; 24000
200 ; 1000 ; 598 ; 317 ; 5138 ; 24000
1300 ; 1000 ; 791 ; 264 ; 8479 ; 24000
200 ; 1000 ; 615 ; 292 ; 5279 ; 24000
1300 ; 1000 ; 775 ; 287 ; 8408 ; 24000
200 ; 1000 ; 579 ; 313 ; 5060 ; 24000
1300 ; 1000 ; 779 ; 317 ; 8257 ; 24000
200 ; 1000 ; 578 ; 297 ; 5102 ; 24000
1300 ; 1000 ; 801 ; 289 ; 8540 ; 24000
200 ; 1000 ; 644 ; 303 ; 5226 ; 24000
1300 ; 1000 ; 780 ; 304 ; 8401 ; 24000
200 ; 1000 ; 630 ; 302 ; 5209 ; 24000
1300 ; 1000 ; 763 ; 300 ; 8293 ; 24000
200 ; 1000 ; 589 ; 273 ; 5176 ; 24000
1300 ; 1000 ; 782 ; 305 ; 8332 ; 24000
200 ; 1000 ; 613 ; 282 ; 5231 ; 24000
1300 ; 1000 ; 769 ; 313 ; 8462 ; 24000
2000 ; 1000 ; 704 ; 300 ; 7554 ; 24000
2100 ; 1000 ; 805 ; 314 ; 8829 ; 24000
2000 ; 1000 ; 708 ; 295 ; 7538 ; 24000
2100 ; 1000 ; 803 ; 318 ; 8756 ; 24000
2000 ; 1000 ; 725 ; 291 ; 7677 ; 24000
2100 ; 1000 ; 776 ; 268 ; 8743 ; 24000
2000 ; 1000 ; 701 ; 292 ; 7454 ; 24000
2100 ; 1000 ; 802 ; 291 ; 8897 ; 24000
2000 ; 1000 ; 725 ; 287 ; 7581 ; 24000
2100 ; 1000 ; 800 ; 284 ; 8849 ; 24000
2000 ; 1000 ; 728 ; 332 ; 7632 ; 24000
2100 ; 1000 ; 809 ; 308 ; 8903 ; 24000
2000 ; 1000 ; 737 ; 334 ; 7610 ; 24000
2100 ; 1000 ; 811 ; 282 ; 8906 ; 24000
2000 ; 1000 ; 726 ; 322 ; 7545 ; 24000
2100 ; 1000 ; 794 ; 325 ; 8894 ; 24000
2000 ; 1000 ; 731 ; 298 ; 7676 ; 24000
2100 ; 1000 ; 811 ; 296 ; 8934 ; 24000
2000 ; 1000 ; 701 ; 339 ; 7548 ; 24000
2100 ; 1000 ; 793 ; 308 ; 8784 ; 24000
800 ; 1000 ; 674 ; 307 ; 6738 ; 24000
2600 ; 1000 ; 817 ; 310 ; 9048 ; 24000
800 ; 1000 ; 666 ; 306 ; 6770 ; 24000
2600 ; 1000 ; 794 ; 302 ; 9057 ; 24000
800 ; 1000 ; 663 ; 284 ; 6707 ; 24000
2600 ; 1000 ; 787 ; 323 ; 8985 ; 24000
800 ; 1000 ; 666 ; 336 ; 6701 ; 24000
2600 ; 1000 ; 799 ; 293 ; 9111 ; 24000
800 ; 1000 ; 669 ; 327 ; 6727 ; 24000
2600 ; 1000 ; 804 ; 297 ; 9033 ; 24000
800 ; 1000 ; 686 ; 294 ; 6661 ; 24000
2600 ; 1000 ; 814 ; 291 ; 9132 ; 24000
800 ; 1000 ; 684 ; 303 ; 6627 ; 24000
2600 ; 1000 ; 796 ; 287 ; 8904 ; 24000
800 ; 1000 ; 670 ; 293 ; 6688 ; 24000
2600 ; 1000 ; 813 ; 316 ; 9086 ; 24000
800 ; 1000 ; 687 ; 291 ; 6831 ; 24000
2600 ; 1000 ; 826 ; 310 ; 9300 ; 24000
2600 ; 1000 ; 788 ; 311 ; 9025 ; 24000
800 ; 1000 ; 708 ; 290 ; 6824 ; 24000
2500 ; 1000 ; 796 ; 333 ; 9048 ; 24000
300 ; 1000 ; 603 ; 288 ; 5347 ; 24000
2500 ; 1000 ; 786 ; 318 ; 9138 ; 24000
300 ; 1000 ; 609 ; 310 ; 5389 ; 24000
2500 ; 1000 ; 795 ; 307 ; 9068 ; 24000
300 ; 1000 ; 608 ; 297 ; 5475 ; 24000
2500 ; 1000 ; 820 ; 278 ; 9158 ; 24000
300 ; 1000 ; 602 ; 296 ; 5432 ; 24000
2500 ; 1000 ; 803 ; 313 ; 9051 ; 24000
300 ; 1000 ; 588 ; 294 ; 5403 ; 24000
2500 ; 1000 ; 792 ; 288 ; 9102 ; 24000
300 ; 1000 ; 595 ; 290 ; 5381 ; 24000
2500 ; 1000 ; 805 ; 311 ; 9015 ; 24000
300 ; 1000 ; 582 ; 277 ; 5363 ; 24000
2500 ; 1000 ; 791 ; 293 ; 8987 ; 24000
300 ; 1000 ; 585 ; 314 ; 5227 ; 24000
2500 ; 1000 ; 811 ; 304 ; 9042 ; 24000
300 ; 1000 ; 626 ; 316 ; 5510 ; 24000
2500 ; 1000 ; 781 ; 313 ; 8922 ; 24000
300 ; 1000 ; 575 ; 319 ; 5206 ; 24000
1800 ; 1000 ; 796 ; 299 ; 8572 ; 24000
1300 ; 1000 ; 707 ; 296 ; 7197 ; 24000
1800 ; 1000 ; 798 ; 307 ; 8698 ; 24000
1300 ; 1000 ; 687 ; 305 ; 7064 ; 24000
1800 ; 1000 ; 805 ; 324 ; 8755 ; 24000
1300 ; 1000 ; 697 ; 291 ; 7200 ; 24000
1800 ; 1000 ; 794 ; 306 ; 8683 ; 24000
1300 ; 1000 ; 710 ; 310 ; 7221 ; 24000
1800 ; 1000 ; 802 ; 311 ; 8630 ; 24000
1300 ; 1000 ; 692 ; 350 ; 7064 ; 24000
1800 ; 1000 ; 780 ; 306 ; 8572 ; 24000
1300 ; 1000 ; 739 ; 321 ; 7338 ; 24000
1800 ; 1000 ; 805 ; 296 ; 8707 ; 24000
1300 ; 1000 ; 705 ; 297 ; 7274 ; 24000
1800 ; 1000 ; 810 ; 290 ; 8719 ; 24000
1300 ; 1000 ; 709 ; 316 ; 7169 ; 24000
1800 ; 1000 ; 788 ; 305 ; 8758 ; 24000
1300 ; 1000 ; 714 ; 305 ; 7233 ; 24000
1800 ; 1000 ; 788 ; 296 ; 8680 ; 24000
1300 ; 1000 ; 685 ; 320 ; 7148 ; 24000
2700 ; 1000 ; 804 ; 300 ; 9147 ; 24000
2100 ; 1000 ; 728 ; 322 ; 7531 ; 24000
2700 ; 1000 ; 806 ; 316 ; 9176 ; 24000
2100 ; 1000 ; 727 ; 343 ; 7553 ; 24000
2700 ; 1000 ; 798 ; 305 ; 9064 ; 24000
2100 ; 1000 ; 721 ; 288 ; 7384 ; 24000
2700 ; 1000 ; 788 ; 312 ; 9128 ; 24000
2100 ; 1000 ; 721 ; 303 ; 7457 ; 24000
2700 ; 1000 ; 804 ; 303 ; 9165 ; 24000
2100 ; 1000 ; 714 ; 322 ; 7484 ; 24000
2700 ; 1000 ; 784 ; 299 ; 8936 ; 24000
2100 ; 1000 ; 702 ; 280 ; 7367 ; 24000
2700 ; 1000 ; 814 ; 301 ; 9135 ; 24000
2100 ; 1000 ; 705 ; 324 ; 7289 ; 24000
2700 ; 1000 ; 803 ; 298 ; 9171 ; 24000
2100 ; 1000 ; 725 ; 286 ; 7482 ; 24000
2700 ; 1000 ; 816 ; 309 ; 9120 ; 24000
2100 ; 1000 ; 743 ; 299 ; 7448 ; 24000
2700 ; 1000 ; 809 ; 299 ; 9262 ; 24000
2100 ; 1000 ; 732 ; 328 ; 7498 ; 24000
1800 ; 1000 ; 797 ; 302 ; 8842 ; 24000
2600 ; 1000 ; 744 ; 286 ; 7800 ; 24000
1800 ; 1000 ; 784 ; 277 ; 8871 ; 24000
2600 ; 1000 ; 734 ; 304 ; 7660 ; 24000
1800 ; 1000 ; 776 ; 309 ; 8802 ; 24000
1600 ; 1000 ; 762 ; 302 ; 8361 ; 24000
2600 ; 1000 ; 759 ; 322 ; 7820 ; 24000
1800 ; 1000 ; 795 ; 304 ; 8735 ; 24000
2600 ; 1000 ; 739 ; 271 ; 7755 ; 24000
1600 ; 1000 ; 786 ; 288 ; 8533 ; 24000
1800 ; 1000 ; 792 ; 320 ; 8799 ; 24000
2600 ; 1000 ; 740 ; 333 ; 7730 ; 24000
1800 ; 1000 ; 783 ; 294 ; 8715 ; 24000